language,dialect,accent,text,transliteration,sentiment_1,sentiment_2,sentiment_3
Caspian,Mazandarani,Tonekaboni,داره بوشُم,dare bushom,neutral,neutral,neutral
Caspian,Mazandarani,Tonekaboni,خرس اَنه بوخاره، ترکنه (اینه مو ریزنه),"khers ane bokhare, terkene (ine mu rizene)",negative,negative,negative
Caspian,Mazandarani,Tonekaboni,مِره وشنایه,mere vashnāye,negative,neutral,negative
Caspian,Mazandarani,Tonekaboni,چای نوخارنُم,chāi nokharnom,neutral,negative,neutral
Caspian,Mazandarani,Tonekaboni,عالی با؛ ماچ تی جان، تی قربان بوشُم,"āli bā; māch ti jān, ti ghorbān boshum",positive,positive,positive
Caspian,Mazandarani,Tonekaboni,آفتاب کُدام سَمت در بومه؟,āftab kodām samt dar boma?,negative,negative,negative
Caspian,Mazandarani,Tonekaboni,اونه خدا بزه.,une khoda baza.,negative,negative,negative
Caspian,Mazandarani,Tonekaboni,چی درست اَکوردی,chi doros akordi,neutral,neutral,neutral
Caspian,Mazandarani,Tonekaboni,کیجایِشان دارن بوشن,kijāyshān daren boshon,neutral,neutral,neutral
Caspian,Mazandarani,Tonekaboni,کیجایِشان دَبون بوشن,kijāyshān dabān boshon,neutral,neutral,neutral
Caspian,Mazandarani,Tonekaboni,روان‌شناسشون بُرمِه کردنه خیلی خاصیت دانن و گونن بُرمِه کردن راهی هسه از فشار و استرس رها بِبی و درد و غم و غصه‌ره تحمل اَکُنی.,rawānshenaseshan borme kardane kheili khāsiat dānen va gunen borme kardan rāhi hesse az feshār o esteres rāhā bebi va darde o ghamo ghosare tahamol akoni.,positive,positive,positive
Caspian,Mazandarani,Tonekaboni,اون مربا خوردن داره.,un morabā khordan dare.,positive,positive,positive
Caspian,Mazandarani,Tonekaboni,می عمر ایتا غذا نوخارده بام.,mi omr ita ghazā nokhārde bām.,positive,positive,positive
Caspian,Mazandarani,Tonekaboni,تی زن و بچه چطورن؟,ti zano bache chetoren?,neutral,neutral,neutral
Caspian,Mazandarani,Tonekaboni,تی دست درد نکنه، این کلیپ گیوه هرسینیه پخش اَکوردی.,ti dast dard nakone in klipe giveh harsinie pakhsh akordi.,positive,positive,positive
Caspian,Mazandarani,Tonekaboni,ای داد و بیداد، امی پیرشانه میراث بی پشت و پناه بمانسه.,ay dādo bidād ami piyareshane mirās bi poshto panāh bemanese.,negative,negative,negative
Caspian,Mazandarani,Tonekaboni,بیشترشانه اول دفعه وینُم.,bishtareshane aval dafa vinom.,neutral,neutral,neutral
Caspian,Mazandarani,Tonekaboni,ای جان، امی شهره,ey jān ami shahre,positive,positive,positive
Caspian,Mazandarani,Tonekaboni,درود فراوان به کُردِ زنان سرتاسر دنیا، از کرمانشا بگیته تا کردستان,dorude ferāvān be korde zenan sartāsare donya az kermānshā begite tā kordestān,positive,positive,positive
Caspian,Mazandarani,Tonekaboni,هَروَخت نان دُرُست کَنه با، اَمره صِدا زَنه با. امی وَچِه‌یِشان هم هَمه اینه کِنارِ به صَف نیشِنه بیم و چِش دَوِسِنه بیم تا نانِ ساجه رو بِرِشته بابو و امی دَس بَرسه.,harvakh nān doros kane ba amere sedā zane ba. ami vachayshan ham hame ine kenar be saf nishene bim va chesh davesene bim ta nāne saje ru bereshte babu o ami das barese.,positive,positive,positive
Caspian,Mazandarani,Tonekaboni,ببِردَن و بیارِدَن,baberdan o biyārden,neutral,neutral,neutral
Caspian,Mazandarani,Tonekaboni,داد و فَریاد,dād o faryād,negative,negative,negative
Caspian,Mazandarani,Tonekaboni,خُدا تِره بِداره,khoda tere bedare,positive,positive,positive
Caspian,Mazandarani,Tonekaboni,اَگَر حضرتِ حَقِّه اَمر نَبو، بَرگ از دِرَخت نَکَنه.,"agar hazrate haghe amr nabu, barg az derakht nakane.",positive,neutral,positive
Caspian,Mazandarani,Tonekaboni,نوخارْدیم نان و گَندُم، اَما بِدِیم دَستِ مَردُم.,"nokhārdim nāno gandom, ama bedeym daste mardom.",positive,negative,positive
Caspian,Mazandarani,Tonekaboni,آن چیَه تا دَسِت اینه چِش فُرو نَکُنی، دَهان باز نَکونه,"ān chiya ta das ine chesh foru nakoni, dahan bāz nako",neutral,negative,neutral
Caspian,Mazandarani,Tonekaboni,مَگِه تِره زَنگ نَزَن؟,mage tere zang nazan?,neutral,neutral,neutral
Caspian,Mazandarani,Tonekaboni,فَریاد,faryād,negative,negative,negative
Caspian,Mazandarani,Tonekaboni,کرکِتال,karketāl,negative,negative,negative
Caspian,Mazandarani,Tonekaboni,فِرار,ferār,negative,negative,negative
Caspian,Mazandarani,Tonekaboni,بِگو مِره چَندی خونه خُش بِگْذره,bogo mere chandi khane khosh begzare,positive,positive,positive
Caspian,Mazandarani,Tonekaboni,تی پِیرِه لَعْنَت,ti peyare l'anat,negative,negative,negative
Caspian,Mazandarani,Tonekaboni,امی هکِرِشان چیزی کَم از بَقّیه نِدارِن,ami hakereshan chizi kam az baghiye nedāren,positive,positive,positive
Caspian,Mazandarani,Tonekaboni,خیلی جالِب بونه,kheili jāleb bune,positive,positive,positive
Caspian,Mazandarani,Tonekaboni,فَقَد مُنتَظِرِه یکی از بازی‌های شیرینِت بو,faghad montazere yeki az bāzihāye shirinet bu,positive,positive,positive
Caspian,Mazandarani,Tonekaboni,مُنتَظِرِه تازه آتیش حِسّیم.,montazere tāze ātish hessim.,negative,positive,negative
Caspian,Mazandarani,Tonekaboni,یعنی این‌که، کار نَکَنه.,"yani inke, kār nakane.",negative,negative,negative
Caspian,Mazandarani,Tonekaboni,گَرچه از ۱۰ تا کارِگَر تَشکیل بابا، ۱۵ سال طول کَشِنه.,"garche az 10 ta karegar tashkil bābā, 15 sāl tul kashene.",negative,negative,negative
Caspian,Mazandarani,Tonekaboni,به نَظَر آنه که بَقّیه آدَمِشان هم با تَیّاره شونِن لوگار.,be nazar āne ke baghiye ādameshān ham bā tayāre shonen Logār.,neutral,neutral,neutral
Caspian,Mazandarani,Tonekaboni,به نَظَر آنه که ساخته این فرودگاه هم مِریخ رِسِنه.,be nazar āne ke sākhte in furudgāh ham merikhe resene.,negative,negative,negative
Caspian,Mazandarani,Tonekaboni,دِرَختِ میوه کِرْم از خُودِشِه.,derakhte mive kerm az khodeshe,negative,negative,negative
Caspian,Mazandarani,Tonekaboni,بیرونِ باغه که بِدِیم تا تَهِ باغه بِدِیم/بوخانسوم,birune bāghe ke bedeym ta tahe baghe bedeym,negative,negative,negative
Caspian,Mazandarani,Tonekaboni,حَرفِ اَگه شیشهٔ دِلِه اَکُنی، به بیرون دَرز نَکَنه.,harfe age shishe dele akoni be birun darz nakane.,positive,positive,positive
Caspian,Mazandarani,Tonekaboni,حَرف تَا دِلِه مین داری، تی اختیار دره.,harfe ta dele miyan dāri ti ekhtiār dare.,positive,positive,positive
Caspian,Mazandarani,Tonekaboni,دِل ‌خا سفره نِیه هَمه پیش وا هَکُنی.,del khā sofre neya hame pish vā hakoni.,negative,negative,negative
Caspian,Mazandarani,Tonekaboni,خِرسِ آهنگری دَوِسَن.,kherse āhangari davesan.,negative,negative,negative
Caspian,Mazandarani,Tonekaboni,اَگَر آبه ‌هاونه مین دَکُنِن، نِزارنِن تو بیکار بی.,agar ābe hāvane miyan dakonen nezārnen to bikār bi.,negative,negative,negative
Caspian,Mazandarani,Tonekaboni,کُور اَگه بازار نُشه، بازار گَندِنه.,kur age bāzār noshe bāzār gandene,negative,negative,negative
Caspian,Mazandarani,Tonekaboni,این آخَرین دَفعه‌.,in ākharin dafa',negative,neutral,negative
Caspian,Mazandarani,Tonekaboni,چاه کَن همیشه تَهِ چاه دره.,chāh kan hamishe tahe chā dare,negative,negative,negative
Caspian,Mazandarani,Tonekaboni,غذا قیمت به نِسبَتِ اینه حجم خیلی گِران و غِیرِ مُنصِفانه هِسِه، ساندویچِ هیولای ژامبون در حَدِ وَچه‌غول هم نَبا، اَما ساندویچِ چوریتسو عالی و بسیار بسیار خوش‌مَزه با.,"ghazā gheymat be nesbate ine hajm kheili gerān o gheire monsefāne hese, sandeviche hayulāye zhāmbon dar hade vache ghul ham nabā ama sāndeviche choritso āli o besyār besyār khoshmaze bā.",negative,negative,negative
Caspian,Mazandarani,Tonekaboni,لُطف اَکونین از عکسِ اینترنتی استفاده نَکونین و عکسِ خُوده محصول بَنین. آخِه این کُجه و اون کُجه. مُتأسِفَم.,lotf akonin az akse interneti estefāde nakonin o akse khode mahsule banin. akhe in koje o un koje. mota'sefam,negative,negative,negative
Caspian,Mazandarani,Tonekaboni,شدید آسیب بِدِیه با (طبقِ عکسِ آپلود شُده).,shadid āsib bedeye bā (tebghe akse āplod shode),negative,negative,negative
Caspian,Mazandarani,Tonekaboni,جای کیکِ وانیلی‌ه کاکائویی، یه کیکِ کاکائویی ساده ارسال اَکوردِن.,"jaye keyke vānili kākāoi, ye keyke kākāoi sāde ersāl akorden.",negative,negative,negative
Caspian,Mazandarani,Tonekaboni,اینه خورش مَزه آب دنه با، ٪۹۵ حجم قیمه ‌لپه با؛ اَصلَن پیشنهاد نَکونُم.,ine khoresh maze āb dane bā %95 ine gheyme lape bā aslan pishnahād nakonom.,negative,negative,negative
Caspian,Mazandarani,Tonekaboni,بسیار عالی و خوش‌موقع، ممنونُم.,"besyar āli o khosh moghe, mamnunom.",positive,positive,positive
Caspian,Mazandarani,Tonekaboni,حَجمِ ساندویچ کُلان نِصف با.,hajme sandevich kolan nesf bā,negative,negative,negative
Caspian,Mazandarani,Tonekaboni,عالی… فقط یه چَنگاله‌جا خالی با.,āli .. faghat ye changāle ja khāli bā,positive,positive,positive
Caspian,Mazandarani,Tonekaboni,فوق‌العاده بی‌نَمَک با و بوی تُندِ گوشت دانه با.,fogholāde bi namak bā va boye tonde gusht dane bā,negative,negative,negative
Caspian,Mazandarani,Tonekaboni,اَوَل این‌که بویِ بَدی دنه با، دُوُم این‌که هَمه چیِه خارنه با جُز رُست‌بیفه که مِره یادِ گوشتِ آب‌پَزِ دیزی مین بِن‌داخته؛ بسیار خیس با، نان خُشک و بَد‌مَزه‌ای با. لُطفاً تَناسُبِ مایعات رو رعایت اَکونین؛ احتمالاً آخَرین باره که ایجه سفارش دنُم.,"aval inke boye badi dane bā dovom inke hame chie khārne bā joz rost bife ke mere yade gushte ābpaze dizie miyan bendakhte besyār khis bā, nān khoshko bad mazei bā, lotfan tanasobe māyeāte roāyat akonin ehtemālan akharin bare ke ije sefāresh danom",negative,negative,negative
Caspian,Mazandarani,Tonekaboni,پس چِرا نیانی؟,pas cherā niyāni?,neutral,neutral,neutral
Caspian,Mazandarani,Tonekaboni,اَما هم آنیم.,amā ham ānim,neutral,neutral,neutral
Caspian,Mazandarani,Tonekaboni,عَجَله هَکون.,ajale hakon,neutral,neutral,neutral
Caspian,Mazandarani,Tonekaboni,پس کُجه دری عزیزُم؟,pas koje dari azizom?,positive,negative,positive
Caspian,Mazandarani,Tonekaboni,بیا بیشیم ناهار بوخاریم. وای نه، یه چی آشغال بوخاردم، می دِل بِهَم بِریخته.,"biya bishim nāhār bokhārim. vay na, ye chi āshghāl bokhārdom, mi del beham berikhte. ",negative,negative,negative
Caspian,Mazandarani,Tonekaboni,مِنو تو و حَسَن,meno to o hasan,neutral,neutral,neutral
Caspian,Mazandarani,Tonekaboni,گُلو بُلبُلو سُنبُل,golo bolbolo sonbol,positive,positive,positive
Caspian,Mazandarani,Tonekaboni,پَنج به‌علاوهٔ چار به‌علاوهٔ سِه,panj be alāveye chār be alāweye se,neutral,neutral,neutral
Caspian,Mazandarani,Tonekaboni,چِرا نِیانی پس؟,cherā neyāni pas?,negative,negative,negative
Caspian,Mazandarani,Tonekaboni,می کَمَر داغان بابا.,mi kamar dāghān bābā,negative,negative,negative
Caspian,Mazandarani,Tonekaboni,این کار خُو اندی فِس‌فِس کَردن و دیر جُنبیدن نیاز نِداره.,in kar khā andi fes fes kardano dir jonbidan niāz nedāre,negative,negative,negative
Caspian,Mazandarani,Tonekaboni,یه‌باره دیگه ایتا بابا وی هَمراه دعوا کانُم.,yebāre dige itā bābā vi hamrā davā kanom,negative,negative,negative
Caspian,Mazandarani,Tonekaboni,از بس خوب با، دِل پیچه بِیتُم.,"az bas khub bā, del piche beytom",negative,negative,negative
Caspian,Mazandarani,Tonekaboni,چه ره ری؟,,neutral,neutral,neutral
Caspian,Mazandarani,Tonekaboni,با کار/آدَمه خَطَرنَک در اَکِتی.,ba kār/ādame khatarnāk dar aketi.,negative,negative,negative
Caspian,Mazandarani,Tonekaboni,خُدا دانه، خَدیجه.,"khodā dāne, khadije",neutral,neutral,neutral
Caspian,Mazandarani,Tonekaboni,حالا اندی شُخُو‌شَنگ بودن و بگو بِخَند کَردن خوب نِیه.,hala andi shukho shang budan o begu bekhand kardan khub niya,negative,negative,negative
Caspian,Mazandarani,Tonekaboni,مَگه کسی تِره دُنبال اَکوردِه؟,mage kasi tere donbāl akorde?,negative,negative,negative
Caspian,Mazandarani,Tonekaboni,نانِ گَندُمِه هَضم کَردن مِعدهٔ فولادی خَانه.,nāne gandome hazm kardan m'ede fulādi khane,negative,negative,negative
Caspian,Mazandarani,Tonekaboni,ای شَخص خیلی خَسیس هِسِه.,i shakhs kheili khasis hesse.,negative,negative,negative
Caspian,Mazandarani,Tonekaboni,چاقوی تیز، بَره‌ی نَره آماده هِسِه.,"chaghoye tiz, bareye nare āmāde hesse.",negative,negative,negative
Caspian,Mazandarani,Tonekaboni,خوشتی‌ره بوخار، مردمِه‌ره دَکون.,"khoshti re bokhār, mardome re dakon. ",positive,positive,positive
Caspian,Mazandarani,Tonekaboni,تی پیره سفره سَرِ کوچه داره.,ti piyare sofre sare kuche dare.,negative,negative,negative
Caspian,Mazandarani,Tonekaboni,این شُکوفه‌شان چه زیبا هِسِن.,in shokofeshan che zibā hessen.,positive,positive,positive
Caspian,Mazandarani,Tonekaboni,شیمی خانه,shimi khāne,neutral,neutral,neutral
Caspian,Mazandarani,Tonekaboni,خُدا خَرِه بِدِیِه، اینه شاخ نَده.,khodā khare bedey ine shākh nada,negative,negative,negative
Caspian,Mazandarani,Tonekaboni,طَرَف مَاره بوکُشته، اَما وَچه مَاره زِنده بَنه.,"taraf mare bokushte, ama vache mare zende bana.",negative,negative,negative
Caspian,Mazandarani,Tonekaboni,جنگلی شُتُر بِدیه.,jangali shotor bediya.,neutral,neutral,neutral
Caspian,Mazandarani,Tonekaboni,زِمِستانه چِشم کوره.,zemestāne cheshm kure,negative,negative,negative
Caspian,Mazandarani,Tonekaboni,پیچایه بُراغ اَکوردِه.,pichāye boragh akorde,negative,negative,negative
Caspian,Mazandarani,Tonekaboni,تی سَرِ فِدا، عِیب نَداره.,"ti sare fedā, eb nedāre",positive,positive,positive
Caspian,Mazandarani,Tonekaboni,اینه دِماغ چَندی گَته. اینه لَب خُوده ميمونه موس.,ine demāgh chandi gata. ine lab khode mimune mus,negative,negative,negative
Caspian,Mazandarani,Tonekaboni,اِنگار از فیل موس دَکِته.,engār az file kun dakete,negative,negative,negative
Caspian,Mazandarani,Tonekaboni,تورو خُدا بفرمایین خانه دِلِه.,toro khoda befarmāyin khāne dele.,positive,positive,positive
Caspian,Mazandarani,Tonekaboni,عَبدِه، این کیه؟,"abde, in kiya?",neutral,neutral,neutral
Caspian,Mazandarani,Tonekaboni,غُلام سیاه اَبره هَمراه بُما و کیجایه به قَصرِ شاهِ پَریان ببُرده.,gholām siāh abre hamrā boma va kijāye be ghasre shāhe pariyān baberde. ,positive,positive,positive
Caspian,Mazandarani,Tonekaboni,این وب چَندی قشنگه.,in veb chandi ghashange,positive,positive,positive
Caspian,Mazandarani,Tonekaboni,خنوم، می یَقه پاره اَکونُم.,khanom mi yagha pāre akonom.,negative,negative,negative
Caspian,Mazandarani,Tonekaboni,گی بوخاره، تی کاره.,gi bokhāre ti kāre.,negative,negative,negative
Caspian,Mazandarani,Tonekaboni,بَرعَکسِ اینه مار که عاقِل با، این اِنگار توره.,barakse ine mār ke āghel bā in engār divāna.,negative,negative,negative
Kurdish,Southern Kurdish,Southern Kurdish,دەرەم چەم,derem chem,neutral,positive,positive
Kurdish,Southern Kurdish,Southern Kurdish,خەرس ئاوه بۆخۆوەی، ترەکە. (موێلی ڕەزە.),"khers āwa bkhwey, tarake. (mueyli rreze.)",negative,negative,negative
Kurdish,Southern Kurdish,Southern Kurdish,گۆسنمە,gosnama,negative,negative,negative
Kurdish,Southern Kurdish,Southern Kurdish,مە چای نیخۆوم,me chāy nyakhowam,neutral,neutral,neutral
Kurdish,Southern Kurdish,Southern Kurdish,فره خاس بی، ماچ و گیانت، قوربانت بچم,"fera khās bi, māch wa gyanet, qorbānet bechem",positive,positive,positive
Kurdish,Southern Kurdish,Southern Kurdish,ئه‌فتەو و کورە دەرهاتیه؟,āftow wa kura der hatiya?,negative,negative,positive
Kurdish,Southern Kurdish,Southern Kurdish,ئاوه خۆدا داسە لی.,āwa khodā dāsa li.,negative,negative,negative
Kurdish,Southern Kurdish,Southern Kurdish,چه دۆرۆس کەردیده؟,cha doros kerdida?,neutral,neutral,positive
Kurdish,Southern Kurdish,Southern Kurdish,دوتەیل دەرەن چەن,doteyl deren chen,neutral,neutral,positive
Kurdish,Southern Kurdish,Southern Kurdish,دوتەیل داشتن چیان,doteyl dashten chiyān,neutral,neutral,positive
Kurdish,Southern Kurdish,Southern Kurdish,ره‌وانناسه‌گان خاسییه‌یل فره‌ێگ ئه‌ڕاێ گیره‌ کردن شمارینه‌ و گیره‌ کردن ڕێگه‌ێ ئه‌ڕاێ ئازاد بین له‌ ده‌س فشار و ئسترسه‌یل ژیان و تاوشت ژان و خه‌م و خوسه‌ زانستنه‌.,rawānnāsagān khāsieyle fereig arrāy gira kerden shemārina wa gira kerden rrigey arrāy āzād bin la dase feshār wa estereseyle zhian wa tāweshte khamu khossa zānestena.,positive,positive,positive
Kurdish,Southern Kurdish,Southern Kurdish,او مربا خواردن دری,ow morabbā khwārden dere,positive,positive,positive
Kurdish,Southern Kurdish,Southern Kurdish,له مدت عمرم ایجو غذایله نخواردمه,la meddate omrem iju ghazāyeyla nakhwārdema,positive,positive,positive
Kurdish,Southern Kurdish,Southern Kurdish,مناڵەیل و ئات ئەیال چۊنن؟,menāleyl wa āto ayal chunen?,positive,positive,neutral
Kurdish,Southern Kurdish,Southern Kurdish,دستان خوش ئەڕا ای کلیپه که پخش کردینه درباری کلاش هرسینی,dasedān khwash arrā i kilipa ke pakhsh kerdina darbārey kelāshe harsini,positive,positive,positive
Kurdish,Southern Kurdish,Southern Kurdish,ئاخ و داخ ‌‌ئەڕا میراث باوانمان که بێ پشتگیری که‌تێەسه پراوێز,ākho dākh ārra mirāse bawaneman ke bi peshtgiri katiyasa perāwiz,negative,negative,negative
Kurdish,Southern Kurdish,Southern Kurdish,اول باره بیشتریان دیونم,awal bāra bishteriān dunem,neutral,positive,neutral
Kurdish,Southern Kurdish,Southern Kurdish,ای گیان ئەڕا شارگمان,ey gyān arrā shāragamān,positive,positive,positive
Kurdish,Southern Kurdish,Southern Kurdish,درود فره و ژنیل کورد له سراسر گیتی له کرماشان بگر تا کوردستان.,durude fera wa zheneyle kurd la sarāsare giti la kermāshān beger tā kurdessān,positive,positive,positive
Kurdish,Southern Kurdish,Southern Kurdish,هه‌ر وه‌خت نان کردیاد هاتیاد چڕیاده‌مان. ئیمه‌ مناڵه‌یل گشت وه‌ رزاره‌و نیشتیایمنه‌ شانێ و چه‌وه‌ڕێ وسیایم نانه‌ ساجیه‌گانێ له‌ وه‌رتاوه‌ برشته‌ بکه‌ێد و به‌ێده‌ ده‌سمانه‌و.,harwakht nān kerdiād hātiyād cherriyādamān. ima menāleyl gesht wa rrezārow nishtiaymena shāni wa chāwarri wesāyma nāna sājiagāni la war tāwa bereshta bekeid wa biyeyda dasemānow.,positive,positive,positive
Kurdish,Southern Kurdish,Southern Kurdish,بەڕدێنو هاوەڕدەن,berrdinu hāwerden,neutral,positive,positive
Kurdish,Southern Kurdish,Southern Kurdish,دادۆ هاوار,dādu hāwār,negative,negative,negative
Kurdish,Southern Kurdish,Southern Kurdish,خۆدا نەگادارت,khodā negādāret,positive,positive,positive
Kurdish,Southern Kurdish,Southern Kurdish,ئەگەر خۆدا نێتەوێ، هۆچ بلگیگ و دارو نەکەفێد,"aga khodā nyatwey, huch balgig wa dārow nyakafed",neutral,positive,positive
Kurdish,Southern Kurdish,Southern Kurdish,شاید نەخواردیمە نانە گەنم، وەلی دیمەنە دسە مەردەم,"shāyad nakhwārdima nāne ganem, wali dimena dase mardem",negative,positive,positive
Kurdish,Southern Kurdish,Southern Kurdish,ئاوه چه‌س تا ده‌س نەکەیده ناو چاوی، دەم وا نەکەی؟,"āwa chas tā das nakeyda naw chāwi, dam wā nakey?",neutral,negative,negative
Kurdish,Southern Kurdish,Southern Kurdish,مەگە وە پیت زەنگ نیان؟,maga wa pit zang niyān?,neutral,negative,negative
Kurdish,Southern Kurdish,Southern Kurdish,هاوار,hāwār,negative,negative,negative
Kurdish,Southern Kurdish,Southern Kurdish,شەکەت,shakat,negative,negative,negative
Kurdish,Southern Kurdish,Southern Kurdish,درچین,darchin,neutral,negative,negative
Kurdish,Southern Kurdish,Southern Kurdish,بۆش چه‌نی قەڕاره خوش بگەزەرێد,bush chani qarāra khwash begzared,positive,positive,positive
Kurdish,Southern Kurdish,Southern Kurdish,له‌ئنت و باوگەت,la‘nat wa bāwget,negative,negative,negative
Kurdish,Southern Kurdish,Southern Kurdish,هەکەڕەیلە ئیمه چەشتیگ و ئاوانە کەم نەیڕن,hakereyle ima cheshtig wa āwāna kam neyren,positive,positive,positive
Kurdish,Southern Kurdish,Southern Kurdish,فره جالبوو بوو,fera jālebow bud,positive,positive,positive
Kurdish,Southern Kurdish,Southern Kurdish,فەقەت چاو وه ڕی یەکیگ لە بازیەیلە شیرینەد بوو,faghad chāw wa rri yakig la bāzieyle shirined bu,positive,positive,negative
Kurdish,Southern Kurdish,Southern Kurdish,چاو وه ڕی ئاگەرە تازە بووم,chāw wa rri āgere tāza buym,negative,positive,negative
Kurdish,Southern Kurdish,Southern Kurdish,یانی کار نەکەید,yāni kār nakeyd,negative,negative,negative
Kurdish,Southern Kurdish,Southern Kurdish,وە ده گەله فەله تشکیلوو بیه، ئەما پانزە ساڵ توول کێشه‌د,"wa da gela fala tashkilow biya, ama pānza sal tul kished",negative,negative,negative
Kurdish,Southern Kurdish,Southern Kurdish,وە نەزەر تێیەی ئاێمەیل ترَکیش و هواپەیما چەنە لۆگار,wa nazar tiyey āyemeyle terakish wa hawāpeymā chena logār,neutral,negative,neutral
Kurdish,Southern Kurdish,Southern Kurdish,وە نەزەر تێیەی دۆرۆس کەردنە ئی فڕودگاهه ڕەسەده مەڕیخ,wa nazar tiyey doros kerdene i furudgāha raseda merrikh,negative,negative,negative
Kurdish,Southern Kurdish,Southern Kurdish,دارە میوە، کەرم لە خۆویه,"dāre miwa, kerm la khowya",negative,negative,negative
Kurdish,Southern Kurdish,Southern Kurdish,درە باخەگه بونی، تا تایی باخ دونی,"dāre bākhaga buni, tā tāy bākh duni",negative,negative,positive
Kurdish,Southern Kurdish,Southern Kurdish,قسە ئەگەر بکەیدە‌ی ناو شیشە، پەخشوو بوود,"ghessa aga bekeydey nāwe shisha, pakhshow bud",negative,negative,negative
Kurdish,Southern Kurdish,Southern Kurdish,قسە تا ها ناو دڵەت هەنە خۆوده,ghessa tā hā nāwe delet hene khowada,negative,positive,positive
Kurdish,Southern Kurdish,Southern Kurdish,دڵ سەفره نیە ئەڕا هەر کەسیگ پانی بکەید,del sefra niya arrāy har kasig pāni bekeyd,negative,negative,negative
Kurdish,Southern Kurdish,Southern Kurdish,خەرس بسەنە و ئاھەنگەری,khers basena wa āhangari,negative,negative,negative
Kurdish,Southern Kurdish,Southern Kurdish,ئەگەر بایه ئاو لە هاوان بکەید تا بۆکوتی، نەیڵێد بیکاڕوو بوود,"agar bāya āw la hāwan bekeyd tā bokoti, neyled bikārow bud",negative,negative,negative
Kurdish,Southern Kurdish,Southern Kurdish,کور ئەگەر نەچوودا بازاڕ، بازاڕ گه‌نە,"kur agar nachuda bāzār, bāzār gane",neutral,negative,negative
Kurdish,Southern Kurdish,Southern Kurdish,یه کەرتە ئاخەرە,ya kerte akhera,negative,negative,negative
Kurdish,Southern Kurdish,Southern Kurdish,چاکن هەمیشە ها تای چا,chākan hamisha hā tāy chā,negative,negative,negative
Kurdish,Southern Kurdish,Southern Kurdish,قەیمەتە ئاو یەی زڕه قەزا نێسبەت وە ئەندازەی فره فره بان بی. وەڵا حەق نەیێو. ساندوێجەگێ هەیولای ژەمبۆن لە حەد یەی منالە غولێگیش نەیێو. ئەصڵنیش مەزه نیاشت. وەڵی ساندوێجە چوریتسو فره خاس بی فره فره خۆشمزه بی,gheymate āw yey zarra ghazā nesbat wa andāzey fera fera bān bi. welā hagh neyw. sāndewije hayulāy zhambon dar hadde yey menāle ghuligish neyw. aslanish maza niyāsht. wali sāndewije churitsu fera khās bi fera fera khoshmaza bi,negative,negative,negative
Kurdish,Southern Kurdish,Southern Kurdish,لطف بکەین و ئکسەیڵ ئینتەرنتی ئستفادە نەکەین و ئکسە مەحصولە خۆدان بیڵین. ئاخە یه کۆره ئاوا وە کۆره؟ موتەئەسفەم,Lotf bekeyn wa akseyle interneti estefade nakeyn wa akse mahsule khowadān bilin. Akhe ya kura āwa wa kura? moteassefem,negative,negative,negative
Kurdish,Southern Kurdish,Southern Kurdish,فره خەراو بی (جۆرە ئکسەگێ کە ئاپلۆود بیا),fera kherāw bi (jure aksagey ke āplowd biya),negative,negative,negative
Kurdish,Southern Kurdish,Southern Kurdish,وە جی کێیکە وانیلی کاکاوویی، کێیکە کاکاوویی سادە کل کەردون,"wa ji keike wānili kākāoui, keike kākāoui sāda kel kerdun ",negative,negative,negative
Kurdish,Southern Kurdish,Southern Kurdish,خۆرشتەگێ مزەی ئاو دیا، گەشتیشی لەپە بی، ئەصلن پێشنهاد نه‌کەم,"khoreshtagey mazey āw diyā, geshtishi lappa bi, aslan pishnāhād nakam",negative,negative,negative
Kurdish,Southern Kurdish,Southern Kurdish,فره خاسو وە موقە، ده‌سەدان دەرد نه‌کەی,"fera khāso wa mogha, dasedān dard nakey",positive,positive,positive
Kurdish,Southern Kurdish,Southern Kurdish,حەجمە ساندوێجەگێ کۆلن دو کۆتۆو بوو,hajme sāndewijagey kolan do kotow bu,negative,negative,negative
Kurdish,Southern Kurdish,Southern Kurdish,خاس ... فەقەت جی یەی چەنگیریگ خالی بی,khās ... faqad ji yey chengirig khāli bi,neutral,negative,negative
Kurdish,Southern Kurdish,Southern Kurdish,فره بی نمک بی، بوی گه‌نە گوشتیش دیا,"fera bi nemak bi, buy gane gushtish diyā",negative,negative,negative
Kurdish,Southern Kurdish,Southern Kurdish,ئه‌وەڵ یه کە بوی گه‌نێگ دیاد، دۆوەم یه کە وە گەچەشت خواردیا جز ڕۆست بیف، کە کەفتەمه یادە گوشتە ئاوپزە ناو ئاگوشت، فره خیس بی، نانی خۆشک و بدمزه بی. لطفی بکەین ئەندازەی مایعاتو تاناسوبی ڕۆعایت بکەین، دی بارە ئاخەره وە ئیره سەفارش دەم,"awal ya ke buy ganig diyād, dowom ya ke wa gechesht khwardiā joz rost bif, ke kaftema yāde gushte āwpaze nāw āwgush, fera khis bi, nani khoshko badmazza bi. Lotfi bekeyn andāzey māyeātu tanāsowi roāyat bekeyn di bāre akhera wa ira sefāresh dam",negative,negative,negative
Kurdish,Southern Kurdish,Southern Kurdish,په ئەڕا نێتیەی؟,pa arrā nyatiey?,neutral,neutral,negative
Kurdish,Southern Kurdish,Southern Kurdish,ئیمەیش تێیەم,imeish tieym,neutral,positive,positive
Kurdish,Southern Kurdish,Southern Kurdish,زوو که,zu ka,negative,negative,negative
Kurdish,Southern Kurdish,Southern Kurdish,په هایده کوو عزیزەکم؟,pa hāyda ku azizakam?,positive,negative,positive
Kurdish,Southern Kurdish,Southern Kurdish,باو بچیم ناهار بخوێم. آی نه، یەی چەشتە گه‌نێگ خواردەمە، دڵەم شیویاسە یەک,"bāw bechim nāhār bkhweym. āy na, yey cheshte ganig khwardema, delem shiwiyāsa yak.",negative,negative,negative
Kurdish,Southern Kurdish,Southern Kurdish,منو تۆنو حەسەن,meno tono hasan,neutral,neutral,neutral
Kurdish,Southern Kurdish,Southern Kurdish,گۆڵۆ بڵبڵۆ سۆمۆڵ,golu belbelu semmol,positive,positive,neutral
Kurdish,Southern Kurdish,Southern Kurdish,پەنج بە ئەلاوەی چوار بە ئەلاوەی سێ,panj be alāwey chwār be alāwey se,neutral,positive,neutral
Kurdish,Southern Kurdish,Southern Kurdish,یه په ئەڕا نێتیەی؟,ya pa arrā nyatiey?,negative,negative,negative
Kurdish,Southern Kurdish,Southern Kurdish,کەمەرەم شێکیا,kamarem shekyā,negative,negative,negative
Kurdish,Southern Kurdish,Southern Kurdish,ئی کارە ئەقوەره وە فس فس کەردنو دێر جۆمین نیازێ نێرێ,i kāra aqwara wa fes fes kerdeno dir jomin niāzi neyre,negative,negative,negative
Kurdish,Southern Kurdish,Southern Kurdish,یەی دەفعە تەر ئیجو بوود وە گەردی جەنگ کەم,yey dafa ter iju bud wa gardi jang kam,negative,negative,negative
Kurdish,Southern Kurdish,Southern Kurdish,ئەقوەره خاس بی، دڵەم شیویاسە وە یەک,"aqwara khās bi, delem shiwiyā wa yak",negative,positive,neutral
Kurdish,Southern Kurdish,Southern Kurdish,ئەڕا؟,arrā?,neutral,negative,negative
Kurdish,Southern Kurdish,Southern Kurdish,وە گەردە ئاێه‌مە خەتەرناکێگ دەر کەفتیه,wa garde āyeme khatarnākig dar kaftiyā,negative,negative,negative
Kurdish,Southern Kurdish,Southern Kurdish,خۆدا زانێ، خەدیجە.,"khodā zāni, khadija.",neutral,neutral,neutral
Kurdish,Southern Kurdish,Southern Kurdish,دی ئەقوەرەیش شوخو شێنگ بوون و خه‌نە خه‌نە کەردن خاس نیە,di aqwareish shukho sheng buno khana khana kerden khās niya,negative,negative,negative
Kurdish,Southern Kurdish,Southern Kurdish,مەگە هیشتەنەسه شوونەت؟,maga hishtenasa shunet?,negative,negative,negative
Kurdish,Southern Kurdish,Southern Kurdish,نانە گەنم ئەڕای هەزم مەدەی فولادی توێ,nāne ganem arrāy hazm midey fulādi tuey,negative,negative,negative
Kurdish,Southern Kurdish,Southern Kurdish,ئی ئاێه‌مە فره ده‌س و شەکە,i āyema fera das wa shaka,negative,negative,negative
Kurdish,Southern Kurdish,Southern Kurdish,چقوی تیژ، ئەڕای کاوەره‌گه هاتیه,"chaquy tizh, arrāy kāweraga hātiya",neutral,negative,negative
Kurdish,Southern Kurdish,Southern Kurdish,ئەڕای خۆوت بخۆوه، ئەڕای مەردەم بکە وه‌ر,"arrāy khwad bokhowa, arrāy mardem beka war.",negative,positive,positive
Kurdish,Southern Kurdish,Southern Kurdish,سەفرەی باوگ ئیوه ها سەرە کوچه,sefrey bāwge iwa hā sare kucha,negative,positive,neutral
Kurdish,Southern Kurdish,Southern Kurdish,ئی گۆڵ‌دەمەیله چه‌نی قەشەنگەن,i guldameyla chani ghashangen,positive,positive,positive
Kurdish,Southern Kurdish,Southern Kurdish,ماڵ ئیوه,māle iwa,neutral,negative,positive
Kurdish,Southern Kurdish,Southern Kurdish,خۆدا خەره‌گه دی کە شاخ نیاسه پی,khodā kharaga di ke shākh niyāsa pi,negative,negative,negative
Kurdish,Southern Kurdish,Southern Kurdish,ئاو طەره‌فە ماره‌گه کوشت، ئەما مناڵ ماره‌گه زەنه هیشت,"āw tarafa māraga kosht, amā menāle māraga zena hisht",negative,neutral,negative
Kurdish,Southern Kurdish,Southern Kurdish,جەنگەلی شوتور دیاس,jangali shotor diyās,neutral,positive,neutral
Kurdish,Southern Kurdish,Southern Kurdish,چاو زەمسان کوڕە,chāwe zemsān kura,negative,negative,negative
Kurdish,Southern Kurdish,Southern Kurdish,پەشی‌یه‌گه بۆڕاغ کەردیه,peshiyaga burāgh kerdiya,negative,negative,neutral
Kurdish,Southern Kurdish,Southern Kurdish,خڕە سەرەت. ئەیبیگ نێرێ,kherre saret. eybig neyri,positive,positive,positive
Kurdish,Southern Kurdish,Southern Kurdish,لوتی چه‌نی سڕە. دەمی مه‌نیده قەنە ئنتەر,luti chani serra. Dami manida qene antar.,negative,negative,negative
Kurdish,Southern Kurdish,Southern Kurdish,چۆمانی وە قەنە فیل کەفتیه,chumāni wa qene fil kaftiya,negative,negative,negative
Kurdish,Southern Kurdish,Southern Kurdish,تۆنو خۆدا باینه ناو ماڵ,tono khodā bāyna nāw māl,positive,positive,positive
Kurdish,Southern Kurdish,Southern Kurdish,ئبده یه کی بی؟,abda ya ki bi?,neutral,neutral,neutral
Kurdish,Southern Kurdish,Southern Kurdish,غلام وەگەردە ئاۆرە سیه هات و دۆت‌گه برد و قەصرە شای پەریان,gholām wagarde āwre siya hāt wa dotaga berd wa qasre shahe parian,neutral,positive,negative
Kurdish,Southern Kurdish,Southern Kurdish,ئی وبه چه‌نی قەشەنگه,i weba chani ghashanga,positive,positive,positive
Kurdish,Southern Kurdish,Southern Kurdish,تۆوام یەخه بدەڕەم,towam yakha bederrem,negative,negative,negative
Kurdish,Southern Kurdish,Southern Kurdish,گو وە ناو کارەگەت,gu wa nāw kāragat,negative,negative,negative
Kurdish,Southern Kurdish,Southern Kurdish,برعەکسە داڵگی کە زانا بی، خۆی وە نەزەر شیته,"barakse dālegi ke zānā bi, khwey wa nazar shita",negative,negative,negative
Unclassified,Dezfuli,Dezfuli,دارُم برُُم,darowm berowm,neutral,neutral,neutral
Unclassified,Dezfuli,Dezfuli,اَ خِرسی خُوَراش، بِتِرِكِهَ. (مياش بِريزِهِن.),"a khersi khowarash, beterkeh. (miyash berizehen.)",neutral,negative,neutral
Unclassified,Dezfuli,Dezfuli,گُسنَمَ,gosnam,neutral,positive,neutral
Unclassified,Dezfuli,Dezfuli,مو چایی نَمخَرُم.,mow chāei namkhowarowm,neutral,neutral,positive
Unclassified,Dezfuli,Dezfuli,عالی بید؛ بوسی بِ جونت، دورت گَردام.,"āali bid, bosi beh jonet, dowret gardām",positive,positive,positive
Unclassified,Dezfuli,Dezfuli,اَفتو اَ كولا دَر اومَسَ.,aftow a kolā dar omasa,neutral,negative,negative
Unclassified,Dezfuli,Dezfuli,خدا زِيدَ مِ سَرِش.,khodā zayda me saresh,negative,negative,neutral
Unclassified,Dezfuli,Dezfuli,چِ ساختيَه,che sākhtiyah,neutral,neutral,neutral
Unclassified,Dezfuli,Dezfuli,دُختَرون دارِن بِروِن,dokhtaron dāren berowen,neutral,neutral,neutral
Unclassified,Dezfuli,Dezfuli,دُختَرون داشتِن بِرَفتِن,dokhtaron dāshten beraften,neutral,neutral,negative
Unclassified,Dezfuli,Dezfuli,روانشناسون خواص زياديَه سی گِريوِسَن گُفتِنَ و گِريوِسَن را سی گُرُختَن اَ فشار غُصَ دونِن.,ravānshenāson khavāse ziyādieh si gerivesan goften va gerivesan rā si gorokhtan a feshāre ghoseh donen,neutral,negative,negative
Unclassified,Dezfuli,Dezfuli,ای مربا خُوَردَن دارَ.,i morabā khowrdan dāra,positive,positive,positive
Unclassified,Dezfuli,Dezfuli,مِنِ كُلِ عُمرُم ايطور غذایی نخُوَردَمِ,mene kole omrom itor ghazāi nakhowardam,neutral,positive,positive
Unclassified,Dezfuli,Dezfuli,اهل هوش چطورِن؟,ahle howsh chetoran,neutral,positive,neutral
Unclassified,Dezfuli,Dezfuli,دَستون بی بلا سی پخش ای فیلم سی گیوَ هرسينی.,daston bi balā si pakhshe i film si giva hersini,positive,positive,positive
Unclassified,Dezfuli,Dezfuli,وِيلَتِ سی ارثِ بوَمون كه بی کَس موندِنِ,veylate si erse bowamon  ke bi kas mondene,negative,negative,negative
Unclassified,Dezfuli,Dezfuli,بيشترشونِ پِر اولِ ببينُم,bishtareshone per avale bebinom,neutral,neutral,positive
Unclassified,Dezfuli,Dezfuli,اِی جون سی شهرِمون,ey jon si shahremon,positive,positive,positive
Unclassified,Dezfuli,Dezfuli,کلی سلام وَر زنون کُرد كل دنيا اَ كرمانشاه تا كُردستان,koli salām var zanon kord donyā a kermānshāh ta kordestān,neutral,positive,neutral
Unclassified,Dezfuli,Dezfuli,هر وقت نونِ پخت بُنگِمُنِ كُرد. اومون بچونَ قطار وَرِش بنِشستيم و منتظر بمونديم تا نون ری تُوَ بِبِريزِس و بِ داد دَسِمون,har vaght none pokht bongemone kor. owmon bachona ghatār varesh benshastim va montazer bemondim tā non ri towva beberizes va be dād dasemon,neutral,positive,neutral
Unclassified,Dezfuli,Dezfuli,بُردِنُ و اُوُردِن,bowrdeno va owvorden,neutral,neutral,neutral
Unclassified,Dezfuli,Dezfuli,قيل و قال,ghil va ghal,neutral,neutral,negative
Unclassified,Dezfuli,Dezfuli,به اَمون خدا,be amone khodā,positive,neutral,neutral
Unclassified,Dezfuli,Dezfuli,اَر خدا نَخو، برگی اَ درخت نَم اُفتَه,ar khodā nakhowa bargi a derakht nam oftā,neutral,positive,positive
Unclassified,Dezfuli,Dezfuli,اَر نخُوَرديم نون گندم، اما ديدُم دست مردم,"ar nakhowardim non gandom, amā didom daste mardom",neutral,positive,neutral
Unclassified,Dezfuli,Dezfuli,عوُان چيَه كِ تا دست مِن تييَش نكنی،دونِشِ نَمگُشَ؟,"owān chiya ke tā dast mene tiyash nakoni, doneshe namgosha",neutral,neutral,neutral
Unclassified,Dezfuli,Dezfuli,مَر وَرِت زنگ نَزَدُن؟,mar varet zang nazandon,neutral,neutral,neutral
Unclassified,Dezfuli,Dezfuli,قيلِ و قال,ghil va ghal,neutral,neutral,negative
Unclassified,Dezfuli,Dezfuli,عاجز,āgez,negative,negative,negative
Unclassified,Dezfuli,Dezfuli,گُرُختَن,gorokhtan,neutral,negative,negative
Unclassified,Dezfuli,Dezfuli,گوئُم چَقذَر مخو خوش گُذَردَ,gowom chagzar makho khosh gozarda,neutral,positive,positive
Unclassified,Dezfuli,Dezfuli,لعنت وَر بوئَت,laanat var bowat,negative,negative,negative
Unclassified,Dezfuli,Dezfuli,هكرا اُمون اَ هيچكی كمتر نَيسِن,hakerā omon a hichki kamtar naysen,neutral,positive,neutral
Unclassified,Dezfuli,Dezfuli,ايان خيلی خوبَ,iyan kheyli khoba,positive,positive,positive
Unclassified,Dezfuli,Dezfuli,فقط صبر سی یکی از بازیا شِرینت,faght sabr si yeki bāziya sherinet,neutral,neutral,positive
Unclassified,Dezfuli,Dezfuli,سی تشِ نويی صبرِ كنيم,si tashe nowei sabr konim,neutral,neutral,neutral
Unclassified,Dezfuli,Dezfuli,یعنی نَمسازِهَ,yani namsāzeha,neutral,neutral,negative
Unclassified,Dezfuli,Dezfuli,اَرچِ ده تا كارگر دارَ، پونزده سال طولِ كَشَ,arche dah tā kārgar dāra ponzdah sāl tole kasha,negative,neutral,negative
Unclassified,Dezfuli,Dezfuli,مَرسی بقیه مردمم پِ طَيارِ بِرُوِن لوگار,maresi baghiyeh mardomam pe tayāre berown logār,neutral,neutral,negative
Unclassified,Dezfuli,Dezfuli,ساختن ای فرودگاهم لِف رفتن بِ مريخَ,sākhtan i forodgah lefe raftan be merikha,negative,neutral,neutral
Unclassified,Dezfuli,Dezfuli,كرم اَ خود درختَ,kerm a khod derakhta,negative,neutral,negative
Unclassified,Dezfuli,Dezfuli,دَر باغَ كه ديديم مَرِسی كلِ باغَ ديديمَ,dar bāgh ke didim maresi kole bāgha didima,neutral,neutral,neutral
Unclassified,Dezfuli,Dezfuli,قِصَنِ اَر مِ شيشه هم كُنی دَرزِ كُنِ در,ghesane ar me shisheh ham koni darz kone dar,neutral,neutral,negative
Unclassified,Dezfuli,Dezfuli,قصه تا مِنِ دِلتَ مالِ خوتَ,gheseh tā mene delta māle khota,neutral,positive,negative
Unclassified,Dezfuli,Dezfuli,دلت سفره نی كه وَر كل گُشيِش,delet sofreh ni ke var kol goshish,neutral,neutral,negative
Unclassified,Dezfuli,Dezfuli,خرسِ بَسِنِ به آهنگری,kherse basen be āhangari,neutral,neutral,neutral
Unclassified,Dezfuli,Dezfuli,اَر وَنت اوِ مِن هاونِ كند كويی نَمهِلَت بيكار بويی,ar vanet ow men hāvane kond kowi namhalat bikar bowi,neutral,negative,negative
Unclassified,Dezfuli,Dezfuli,کور اَر نَروِ بازار، بازار گَندَ,"kor ar narowe bāzār, bāzār ganda",neutral,negative,negative
Unclassified,Dezfuli,Dezfuli,كارِت تَمومَ,kāret tamoma,negative,negative,negative
Unclassified,Dezfuli,Dezfuli,چَه كن هميشه ته چه است,chah kan hamisheh tah chah ast,negative,negative,negative
Unclassified,Dezfuli,Dezfuli,قیْمت غذا نسبت به حجم غذا خيلی خیلی گرون است ساندویچ هیولای ژامبون در حد بچه غول هم نَبيد و اصنم هم خوشمزه نبید ولی ساندویچ چوریتسو عالی و بسیار بسیار خوشمزه بید,ghaymet ghazā nesbat be hajm ghazā kheyli kheyli gron ast sāndevich hayolāye jhambon dar had bache ghol ham nabid va asanam ham khoshmazeh nabid vali sāndevich choritso āali va besyār besyār khoshmaze bid,neutral,negative,positive
Unclassified,Dezfuli,Dezfuli,بی زحمت اَ عكسا اينترنتی استفاده نكنيد و عكس همون چيه وَنيد. خُب ای كجا و او كجا. متاسفم,bi zahmat a aksā interneti estefādeh nakonid va akse hamon chiyeh vanid. khob i kojā va o kojā. moteasefam,negative,negative,negative
Unclassified,Dezfuli,Dezfuli,كَپِس بيد,kapes bid,negative,neutral,negative
Unclassified,Dezfuli,Dezfuli,اَ جا كيك وانيلی کاکائویی، کیک کاکائویی ساده فِرستادِن بيد,"a jā keyke vānili kākāoei, keyke kākāoei sādeh ferestāden bid.",neutral,positive,neutral
Unclassified,Dezfuli,Dezfuli,خورشش مِزه اوِ داد و ٩٥٪؜ حجم قيمش لپه بيد. اصن نَمگُمِت گِری,khoreshesh mezeh owe dād va 95% hajm gheymash lapeh bid. asan nagomet geri.,negative,positive,neutral
Unclassified,Dezfuli,Dezfuli,خیلی خوب و سر وقت، ممنونم,"kheyli khob va sar vaght, mamnonam.",positive,positive,neutral
Unclassified,Dezfuli,Dezfuli,حجم ساندویچش کلا نصف بوِس بيد,hajm sāndevichesh kolan nesf bowes bid,negative,negative,neutral
Unclassified,Dezfuli,Dezfuli,همه چی خوب، فقط جای یَ چنگال خالی بید,"hame chi khob, faghat jaye ya changāl khāli bid",positive,neutral,positive
Unclassified,Dezfuli,Dezfuli,کَلِ بيد و بو گوشتِ داد,kale bid va bo  goshte dād,negative,negative,positive
Unclassified,Dezfuli,Dezfuli,اول اين كه بو بدی بداد بعدشم به همه چی بُرد الا رست بیف. مُنِ يادِ گوشت آب پز مِن ديزی بِس. خیلیِ فيس بيد. نونش راق بيد و بد مِزِه. زیاد او نریزید مِنِش. بعد ايان اَ ايچون دَ گِ چی نَمخوام,avāl inke boye badi dāsht badesham be hame chi bord elā rostbif. mone yāde gosht āb paz men dizi bes. kheyli fes bid. nonesh rāgh bid va bad meze. ziyād ow narizid menesh. bade iyān a ichon da ge chi namkhām,negative,negative,negative
Unclassified,Dezfuli,Dezfuli,پَ اَچِ نَميايی؟,pa ache namyāei,neutral,neutral,negative
Unclassified,Dezfuli,Dezfuli,اُمونَم بِمياييم,omonaمm bemyāeim,neutral,neutral,positive
Unclassified,Dezfuli,Dezfuli,دِ يَلا,de yalā,neutral,neutral,neutral
Unclassified,Dezfuli,Dezfuli,پَ كِجايی كَسونُم؟,pa kejāei kasonom,positive,negative,negative
Unclassified,Dezfuli,Dezfuli,دِ بيا روييم نهار خورييم. وِيلَتِه چِ فِگِری خُوَردَم، دِلُم شيوِس,"de biyā roim nahār khowarim. veylateh che fegeri khowardam, delom shives",negative,negative,negative
Unclassified,Dezfuli,Dezfuli,مُنُ تونو حسن,mono tono hasan,neutral,neutral,neutral
Unclassified,Dezfuli,Dezfuli,گل و بلبل و سنبل,golo bolbolo sonbol,neutral,neutral,positive
Unclassified,Dezfuli,Dezfuli,۵+۴+۳,5+4+3,neutral,neutral,neutral
Unclassified,Dezfuli,Dezfuli,اوخِی پَ اَچِ نَومِيیَ,okhey pa ache naowmeya,neutral,neutral,negative
Unclassified,Dezfuli,Dezfuli,قَلُم بُرِس,ghalom bores,negative,negative,neutral
Unclassified,Dezfuli,Dezfuli,پَ اَچِ اَقدَر فس فسِ كُنی,pa ache aghdar fes fese koni,negative,negative,negative
Unclassified,Dezfuli,Dezfuli,اَ يَرَ دِگِ ايطور بييِس پِيِش دعوا كُنُم, aa yara dege itor biyes peyesh daavā konom,negative,negative,negative
Unclassified,Dezfuli,Dezfuli,اَ چَن خوب بيد دِلُم شِوِس,a chan khob bid delom sheves,negative,negative,positive
Unclassified,Dezfuli,Dezfuli,سی چِ؟,si che,neutral,neutral,neutral
Unclassified,Dezfuli,Dezfuli,مِ كار يا شخص خطرناكی دَر اوفتيديِه,me kār yā shakhse khatarnāki dar oftidiyeh,negative,negative,negative
Unclassified,Dezfuli,Dezfuli,خدا دونِه خجيجه,khodā done khajijeh,neutral,neutral,neutral
Unclassified,Dezfuli,Dezfuli,ايسون هم عَقذَر شَنگولی خوب نی,ison ham aghdar shangoli khob ni,neutral,positive,positive
Unclassified,Dezfuli,Dezfuli,مَر كسی وَندَ دومات,mar kasi vanda domat,neutral,positive,neutral
Unclassified,Dezfuli,Dezfuli,نون گَنُم سی هضمِش گَدِ فولادی مَخو,non ganom si hazmesh gade foladi makho,negative,negative,neutral
Unclassified,Dezfuli,Dezfuli,ای شخص خیلی كَلولَ,i shakhs kheili kalola,negative,negative,negative
Unclassified,Dezfuli,Dezfuli,چَقو تيز سی بره نر اومَسَ,chago tizi si bare nar omasa,neutral,negative,neutral
Unclassified,Dezfuli,Dezfuli,سی خودت خُوَر سی مردم پوش,si khodat khowar si mardom poshā,neutral,positive,neutral
Unclassified,Dezfuli,Dezfuli,سُفره بويَت سَر كيچَس,sofre boyat sar kichas,negative,negative,neutral
Unclassified,Dezfuli,Dezfuli,ای شکوفه‌ها چَقذَر قشنگن,i shokofehā chaghzar ghasghangan,positive,positive,positive
Unclassified,Dezfuli,Dezfuli,هوشتون,hosheton,neutral,neutral,neutral
Unclassified,Dezfuli,Dezfuli,خدا خرُ اِشناخت كه شاخ نداش,khodā kharo eshnākht ke shākh nadāsh,negative,neutral,negative
Unclassified,Dezfuli,Dezfuli,مارِ كُشتَ اما بچشو هَشتِ زِندَ,mār koshta amā bachasho hesht zenda,negative,neutral,neutral
Unclassified,Dezfuli,Dezfuli,جنگلی که شتر دیدَ,jangali ke shotor dida,neutral,neutral,neutral
Unclassified,Dezfuli,Dezfuli,تیِ زمسّون كورَ,tie zemeson kora,negative,neutral,neutral
Unclassified,Dezfuli,Dezfuli,گربَنَ لرزُندِش,gorbana larzondesh,neutral,neutral,neutral
Unclassified,Dezfuli,Dezfuli,صِدقِ سرت عيبی ندارَ,sedghe saret eybi nadāra,positive,positive,negative
Unclassified,Dezfuli,Dezfuli,پِتِش چَقدَر تَپُسَ لُواش لِف قين عنترِن ,petesh chaghdar taposa lowāsh lef ghin antaran,negative,negative,negative
Unclassified,Dezfuli,Dezfuli,مَرِسی عَ قين فيل اُفتيدَ  ,maresi a ghin fil oftida,negative,negative,neutral
Unclassified,Dezfuli,Dezfuli,تو نو خدا فَرما هوُش ,to no khodā farmā hosh,neutral,positive,positive
Unclassified,Dezfuli,Dezfuli,عبده ایی یان کی بید؟,abde iyaān ki bid,neutral,neutral,neutral
Unclassified,Dezfuli,Dezfuli,غلوم پِ اُرِ سیَه اومَّه دخترَ برد قصر شاه پریون.,gholom pe or siyah ome dokhtara bord ghasr shāh pariyon,neutral,positive,neutral
Unclassified,Dezfuli,Dezfuli,ای وب چَنی قشنگَه,i veb chani ghashanga,positive,neutral,positive
Unclassified,Dezfuli,Dezfuli,مَخوم یَقه‌مَه دِروم,makhom yaghama derom,negative,negative,neutral
Unclassified,Dezfuli,Dezfuli,تَش به كارِت ,tash be kāret,negative,negative,positive
Unclassified,Dezfuli,Dezfuli,هر چه مارِش دوُنا بيد خودش مَرِسی زِيَس ,har che māresh donā bid khodesh maresi zeyas,negative,negative,negative
Semnani,Semnani,Semnani,دارون مٍشین,dārun meshin,neutral,neutral,neutral
Semnani,Semnani,Semnani,خٍرس ژو بَخورِه، مٍتٍرکییِه (ژو می مٍریژییَن),"khers zho bakhure, meterkiye zho mi merizhiyan",negative,negative,negative
Semnani,Semnani,Semnani,وَشُنون,vashonun,negative,neutral,neutral
Semnani,Semnani,Semnani,اَ چایی مٍناخارون,a chāii menākhārun,negative,neutral,neutral
Semnani,Semnani,Semnani,عالی با، بوسا تَه جُوْن، تَه دُوْر بَگٍردون,"āli bā, busā ta jown, ta dowr bagerdun",positive,positive,positive
Semnani,Semnani,Semnani,اَفتُو کُمین وَر پی بیرین اٍمیچی؟,aftow komin var pi birin emichi,neutral,positive,neutral
Semnani,Semnani,Semnani,خُدِه ژو بوکوآچی,khode zho bukuāchi,negative,negative,negative
Semnani,Semnani,Semnani,چیچی دُرُست کٍرچَه؟,chichi dorost kercha,neutral,neutral,neutral
Semnani,Semnani,Semnani,دُختٍری دارَن مٍشین,dokhteri dāran meshin,neutral,neutral,neutral
Semnani,Semnani,Semnani,دُختٍری دٍرشُن مٍشِن,dokhteri dershon meshen,neutral,neutral,neutral
Semnani,Semnani,Semnani,رٍوانشٍناسی بُرمِه رَه خاصییٍّتی زیادی بٍشمارچیشُن و بُرمَه بٍجٍندییُن بٍرایی فٍشار و دٍلواسِه وُ تَحَمُّلی دَردی و غَم و غُصتِه خُوْ مٍزُنَن.,revānshenāsi borme ra khāsiyyeti ziyādi beshmārchishon o borma bejendiyon berāyi feshār o delvāse vo tahammoli dardi o gham o ghoste khow mezonan.,neutral,neutral,positive
Semnani,Semnani,Semnani,اون مُرٍبّا بُخوردییُن دارِه,oun morebbā bokhurdiyon dāre,positive,positive,positive
Semnani,Semnani,Semnani,دٍلَه عُمرین، چٍنین چیزایی نَخورچَن.,"dela omrin, chenin chizāyi nakhurchan.",positive,positive,negative
Semnani,Semnani,Semnani,جٍنییَه وَچِه چٍطُوْرییَن؟,jeniya vache chetowriyan,positive,positive,neutral
Semnani,Semnani,Semnani,شٍما دَست دَردی نَکٍرِه بابٍتی پَخش واکٍردی اٍن کٍلیپین دَربارِه‌ای گیوِه‌یی هِرسینی,shemā dast dardi nakere bābeti pakhsh vākerdi en kelipin darbāreii giveyi hersini,positive,positive,positive
Semnani,Semnani,Semnani,صِه داد و بیداد بٍرایی هَما پییٍرون کو بی پُشت و پٍناه بٍمُنچَن,se dād o bidād berāyi hamā piyerun ko bi posht o penā bemonchan,negative,positive,negative
Semnani,Semnani,Semnani,ویشتٍرییون، اُوْلٍمین دَفَه‌یَه کو مِینون.,"vishteriyun, owlemin dafaya ko meynun.",positive,neutral,neutral
Semnani,Semnani,Semnani,اِی جان، هَما شَهری رَه.,"ey jān, hamā shahri ra.",positive,positive,positive
Semnani,Semnani,Semnani,سٍلامی فٍراوُنی بٍر کُردی جٍنی، کٍرمُنشاه پی بَگیر تا کُردٍستان,"selāmi ferāvoni ber kordi jeni, kermonshā pi bagir tā kordestān",positive,positive,positive
Semnani,Semnani,Semnani,هَر وَخت نون مٍپٍتِش هَما صٍدا مٍکٍردِش. هَما زِکَه زَرییَن هَمَه ای رَج ژین پَلی مٍنییٍستین و چَش بٍه رِه مٍمُندین تا نون دیمَه ساجی بٍرٍشتَه وابو وُ هَما دَست اٍندِه.,har vakht nun mepetesh hamā sedā mekerdesh. hamā zeka zariyan hama i raj zhin pali meniyestin o chash be re memondin tā nun dima sāji bereshta vābu vo hamā dast ende.,positive,positive,positive
Semnani,Semnani,Semnani,بٍبٍرد و بیارد,beberd o biyārd,neutral,positive,positive
Semnani,Semnani,Semnani,داد و فٍریا,dād o feryā,negative,negative,negative
Semnani,Semnani,Semnani,خُدا نیگٍهدار,khodā nigehdār,neutral,positive,negative
Semnani,Semnani,Semnani,اَگٍر اَمری حَضرٍتی حَقّي نَبو، اییَه وَلگَه دارین پی مَنٍکِه.,"ager amri hazreti haqqy nabu, iya valga dārin pi maneke.",negative,positive,positive
Semnani,Semnani,Semnani,اَگٍر گُندُمین نون نَخورچیمُن، مَرتُمُن دَست بٍدیچیمُن,"ager gondomin nun nakhurchimon, martomon dast bedichimon",negative,positive,positive
Semnani,Semnani,Semnani,اون چیچییَه کو تا دَست ژو دِلَه چَشون نَکِرا، آلَه مِناکٍرِه؟,"oun chichiya ko tā dast zho dela chashun nakerā, āla menākere",neutral,neutral,neutral
Semnani,Semnani,Semnani,مِگَه تَه رَه زَنگَه نَکوآچیشُن؟,mega ta ra zanga nakuāchishon,neutral,neutral,neutral
Semnani,Semnani,Semnani,فٍریا,feryā,negative,negative,negative
Semnani,Semnani,Semnani,هٍلاک,helāk,negative,negative,negative
Semnani,Semnani,Semnani,بُوْریت,bowrit,negative,negative,negative
Semnani,Semnani,Semnani,مو رَه با چٍقٍد خُوْ مٍبو,mo ra bā cheqed khow mebu,positive,neutral,neutral
Semnani,Semnani,Semnani,نَلٍت بٍر تَه پییٍر,nalet ber ta piyer,negative,negative,negative
Semnani,Semnani,Semnani,هَما هَکٍری هِچ چی پی مَنٍتٍرسَن,hamā hakeri hech chi pi manetersan,positive,positive,positive
Semnani,Semnani,Semnani,خِیلی جالٍب مٍبو,kheyli jāleb mebu,positive,positive,positive
Semnani,Semnani,Semnani,فَقٍد مُنتَظٍری ای وازی‌یی شٍرینی با,faqed montazeri i vāziyi sherini bā,negative,positive,neutral
Semnani,Semnani,Semnani,هَما مُنتَظٍری تازَه‌تٍرین آتٍشی مٍمُنین,hamā montazeri tāzaterin āteshi memonin.,neutral,positive,positive
Semnani,Semnani,Semnani,یَعنی اٍن کو ساختَه مَنٍبو.,yani en ko sākhta manebu,negative,negative,negative
Semnani,Semnani,Semnani,با اٍنی کو دَس کاریگٍری دَرَن، پُنزَه سالی طول مِنجِه.,"bā eni ko das kārigeri daran, ponza sāli tul menje.",negative,negative,negative
Semnani,Semnani,Semnani,خالمٍکَه اَفرادی دیگٍری هَم با هٍواپِیمِن لوگٍر مٍشین.,khālmeka afrādi digeri ham bā hevāpeymen luger meshin.,neutral,neutral,neutral
Semnani,Semnani,Semnani,ساختی اٍن فُرودگِن هَم مٍثلی مٍرّیخ بٍشییُنی مٍمُنِه.,sākhti en forudgen ham mesli merrikh beshiyoni memone.,negative,negative,negative
Semnani,Semnani,Semnani,میوَه دارین کٍرم، ژین پی‌یَه.,"miva dārin kerm, zhin piya.",negative,negative,negative
Semnani,Semnani,Semnani,بیرینی رَزی کو بٍدیمُن، خالمٍکَه تا تَیی رَزی بٍدیچیمُن,"birini razi ko bedimon, khālmeka tā tayi razi bedichimon",positive,negative,positive
Semnani,Semnani,Semnani,حٍکاتی اَگٍه دٍلَه شیشِه کَه، بازَم بٍه بیرین دَرز ماکٍرِه.,"hekāti age dela shishe ka, bāzam be birin darz mākere.",negative,negative,negative
Semnani,Semnani,Semnani,حٍکاتی تا دٍلَه دٍلی دار، ژُن اٍختیار تَه دَست دَرَه.,"hekāti tā dela deli dār, zhon ekhtiyār ta dast dara.",neutral,neutral,positive
Semnani,Semnani,Semnani,دٍل سُفرَه کو نییَه، هَمُنُن گَل هیلا واکَه.,"del sofra ko niya, hamonon gal hilā vāka.",negative,neutral,neutral
Semnani,Semnani,Semnani,خٍرسی بٍبٍرچیشُن اُوْنگٍری.,khersi beberchishon owngeri.,neutral,negative,neutral
Semnani,Semnani,Semnani,اَگٍه گیابو اُوْ دٍلَه هُوٍنگی بَکوتَن، تَه مٍنارزِه ویکار با.,"age giyābu ow dela hovengi bakutan, ta menārze vikār bā.",negative,negative,positive
Semnani,Semnani,Semnani,کور اَگٍه واژار نَشو، واژار مٍگُندییِه,"kur age vāzhār nashu, vāzhār megondiye",positive,neutral,negative
Semnani,Semnani,Semnani,اٍن آخٍرین کَردَه‌یَه.,en ākherin kardaya.,positive,negative,negative
Semnani,Semnani,Semnani,چاخو هَمیشَه تَیی کِئین دَرَه.,chākhu hamisha tayi kein dara.,negative,negative,negative
Semnani,Semnani,Semnani,قِیمٍتی چی نٍسبٍت بٍه میقدار غٍذایی، خِیلی گٍرُنَه وُ مُنصٍفانَه نییَه. ساندِویچ هَیولایی ژامبون، دٍر حَدّی وَچَه غولی هَم نَبا، اَصلَن هَم بامَزَه نَبا، اَمّا ساندِویچی چوریتسو عالی و خِیلی بامَزَه با.,"qeymeti chi nesbet be miqdār ghezāyi, kheyli gerona vo monsefāna niya. sāndevich hayulāii zhāmbun, der haddi vacha ghuli ham nabā, aslan ham bāmaza nabā, ammā sāndevichi churitsu āli o kheyli bāmaza bā.",negative,negative,neutral
Semnani,Semnani,Semnani,لُطف هاکٍرین عَکسایی اینتٍرنٍتی پی ایستیفادَه ناکٍرین، اون عَکسایی کو خوشتٍرَه دُرُست کٍرچیتُن وارزین، آخٍه اٍنی کُجَه وُ اونی کُجَه. مُتَأسٍفون,"lotf hākerin aksāii interneti pi istifāda nākerin, oun aksāii ko khushtera dorost kerchiton vārzin, ākhe eni koja vo ouni koja. motaessefun",negative,neutral,neutral
Semnani,Semnani,Semnani,خِیلی خٍراب بٍبابا,kheyli kherāb bebābā,negative,negative,negative
Semnani,Semnani,Semnani,بٍه جایی کِیکی وانیلی کاکائویی، کِیکی کاکائویی سادِه وِسی بٍبابا.,"be jāyi keyki vānili kākāuyi, keyki kākāuyi sāde vesi bebābā.",negative,positive,neutral
Semnani,Semnani,Semnani,ژو خورِش اُوْین مَزَه دٍردِش و نُوِه وُ پَنج دَرصَدی ژو قِیمٍتی لَپِه بِن، اَصلا سٍفارٍش مٍناکٍرون.,"zho khuresh owvin maza derdesh o nove vo panj darsadi zho qeymeti lape ben, aslā sefāresh menākerun.",negative,negative,neutral
Semnani,Semnani,Semnani,خِیلی عالی و بٍه مُوْقَه با، مَمنینون.,"kheyli āli o be mowqa bā, mamninun.",positive,positive,positive
Semnani,Semnani,Semnani,ساندٍویجین اٍندازَه نٍصف بٍبابا.,sāndevijin endāza nesf bebābā.,negative,negative,negative
Semnani,Semnani,Semnani,عالی با، فَقٍد جایی اییَه چٍنگالین خالی با.,"āli bā, faqed jāyi iya chengālin khāli bā.",positive,neutral,positive
Semnani,Semnani,Semnani,خِیلی بی‌نٍمٍک با وُ بویی تُندی گوشتی مادِش.,kheyli binemek bā vo buyi tondi gushti mādesh.,negative,negative,negative
Semnani,Semnani,Semnani,اُوٍّل اِن کو بویی بَدی دٍردِش، دویُّم اٍن کو بٍه هَمَه چی مُخورد، غِیری رَست بیف، جوری کو گوشتی آب پِزی کو دٍلَه دیزین وٍندِش خِیلی خُستَه بِبابا، نونی خُشک و بَدمَزِه‌ای دٍردِش. لُطفَن اٍندازِه‌ای مایِعاتی رٍعایٍت هاکٍرین. اٍحتٍمالَن آخٍرین دَفَه‌یَه کو اٍنجو چی مارون.,"ovvel en ko buyi badi derdesh, doyyom en ko be hama chi mokhurd, gheyri rast bif, juri ko gushti āb pezi ko dela dizin vendesh kheyli khosta bebābā, nuni khoshk o badmazeyi derdesh. lotfan endāzei māyeāti reāyet hākerin. ehtemālan ākherin dafaya ko enju chi mārun.",negative,negative,negative
Semnani,Semnani,Semnani,پَس چٍرَه مٍنییا؟,pas chera meniyā,negative,neutral,neutral
Semnani,Semnani,Semnani,هَما هَم مِن.,hamā ham men.,neutral,neutral,positive
Semnani,Semnani,Semnani,جَلدی با.,jaldi bā.,neutral,neutral,positive
Semnani,Semnani,Semnani,پَس کُجَه دَرِه عَزیزی مو؟,pas koja dare azizi mo,positive,neutral,positive
Semnani,Semnani,Semnani,بیا بَشین ناهار بَخورین، وای، نَه، ای چی‌ئی آشغالی بُخوردَن، مو دٍل هُم ریتَه‌یَه.,"biyā bashin nāhār bakhurin, vāy, na, i chii āshghāli bokhurdan, mo del hom ritaya.",negative,neutral,negative
Semnani,Semnani,Semnani,اَ وُ تو وُ حَسَن.,a vo to vo hasan.,neutral,neutral,positive
Semnani,Semnani,Semnani,گُل و بُلبُل و سُنبُل.,gol o bolbol o sonbol.,positive,positive,positive
Semnani,Semnani,Semnani,پَنج با چار و هِیرَه.,panj bā chār o heyra.,neutral,neutral,neutral
Semnani,Semnani,Semnani,آخٍه پَس چٍرَه مٍنییا؟,ākhe pas chera meniyā,negative,negative,negative
Semnani,Semnani,Semnani,مو کَمٍر داغُن وابا.,mo kamer dāghon vābā.,negative,negative,negative
Semnani,Semnani,Semnani,اٍن کاری کو اٍنقٍد چُس چُس کٍردییُن و دیر بٍجُنبییُن نٍدارِه.,en kāri ko enqed chos chos kerdiyon o dir bejonbiyon nedāre.,negative,negative,negative
Semnani,Semnani,Semnani,اینی دَفَه اٍنجور بَبو، ژو رَه دَعوا ماکٍرون.,"ini dafa enjur babu, zho ra davā mākerun.",negative,negative,negative
Semnani,Semnani,Semnani,بَسکی خُوْ با، دٍل پیچَه بِگیتَن.,"baski khow bā, del picha begitan.",negative,positive,negative
Semnani,Semnani,Semnani,چیچی بالا؟,chichi bālā,negative,negative,neutral
Semnani,Semnani,Semnani,با کاری/ آدَمی خَطٍرناکی دٍکٍچی.,bā kāri/ ādami khaternāki dekechi.,negative,negative,negative
Semnani,Semnani,Semnani,خُدا مٍزُنِه، خَجَّه.,"khodā mezone, khajja.",neutral,neutral,neutral
Semnani,Semnani,Semnani,اٍسَه اٍنقٍدَن شوخ و شٍنگ بییُن و بٍگو بٍخَند هاکٍردییُن خُوْ نییَه.,esa enqedan shukh o sheng biyon o begu bekhand hākerdiyon khow niya.,negative,positive,neutral
Semnani,Semnani,Semnani,مٍگَه کٍسی تَه دٍنبالَه کٍرچی؟,mega kesi ta denbāla kerchi,neutral,negative,negative
Semnani,Semnani,Semnani,گُندُمین نون هَضم کٍردییُن، اییَه آسُنین تٍلَه مٍگی. ,"gondomin nun hazm kerdiyon, iya āsonin tela megi.",negative,negative,neutral
Semnani,Semnani,Semnani,اٍن خِیلی خَسیسَه.,en kheyli khasisa.,negative,negative,negative
Semnani,Semnani,Semnani,تیژَه کاردی، نَرَه وَرِه رَه بییِمیچی.,"tizha kārdi, nara vare ra biyemichi.",neutral,positive,neutral
Semnani,Semnani,Semnani,خوشتُنَه بَخُوْ، مَرتُمُنَه تُوْن کَه.,"khoshtona bakhow, martomona town ka.",neutral,positive,neutral
Semnani,Semnani,Semnani,تَه پییِر سُفرَه سَری کیژِه هٍشتَه,ta piyer sofra sari kizhe heshta,negative,positive,neutral
Semnani,Semnani,Semnani,اٍن گوفکی چٍقٍد قَشٍنگییَن.,en gufki cheqed qashengiyan.,positive,positive,positive
Semnani,Semnani,Semnani,شٍما کییَه.,shemā kiya.,neutral,neutral,neutral
Semnani,Semnani,Semnani,خُدِه خَری بٍدیچی کو شاخی ژو نَدِچِش.,khode khari bedichi ko shākhi zho nadechesh.,negative,negative,neutral
Semnani,Semnani,Semnani,مَر بُکُشچِش، مَرَه وَچَه زَندَه واشچِش.,"mar bokoshchesh, mara vacha zanda vāshchesh.",neutral,negative,negative
Semnani,Semnani,Semnani,جَنگٍلی، اُشتُر بٍدیچی.,"jangeli, oshtor bedichi.",negative,negative,negative
Semnani,Semnani,Semnani,زٍمٍستُنی چَش کورَه.,zemestoni chash kura.,negative,negative,negative
Semnani,Semnani,Semnani,روئِن بُراق کٍرچی.,ruen borāq kerchi.,negative,neutral,neutral
Semnani,Semnani,Semnani,فٍدایی تَه سَری، عِیبی نٍدارِه.,"fedāyi ta sari, eybi nedāre.",positive,positive,positive
Semnani,Semnani,Semnani,ژو وٍنییَه چٍقٍدَه پَهنِه، ژو لُوْشِه عَنتٍرین کینین وارییَن.,"zho veniya cheqeda pahne, zho lowshe anterin kinin vāriyan.",negative,negative,negative
Semnani,Semnani,Semnani,اٍنگار کو فیلی کینین پی بٍکٍچی.,engār ko fili kinin pi bekechi.,negative,negative,negative
Semnani,Semnani,Semnani,تَه بٍه خُدِه بَفٍرمین دَنین کییَه.,ta be khode bafermin danin kiya.,positive,positive,positive
Semnani,Semnani,Semnani,عَبدَه اٍن کی با؟,abda en ki bā,neutral,neutral,neutral
Semnani,Semnani,Semnani,غُلُم با سیاه اَبری بییٍما وُ دُختٍرین بٍبٍردِش بٍه قَصری شاهی پَرییُنی.,gholom bā siyā abri biyemā vo dokhterin beberdesh be qasri shāhi pariyoni.,neutral,positive,positive
Semnani,Semnani,Semnani,اٍن وٍبَه چٍقٍدَه قَشٍنگِه.,en veba cheqeda qashenge.,positive,positive,positive
Semnani,Semnani,Semnani,مٍگَن یَخَه تٍکَه جٍر بَدون.,megan yakha teka jer badun.,negative,negative,negative
Semnani,Semnani,Semnani,گَند بَگٍنِه تَه دٍلَه کارین.,gand bagene ta dela kārin.,negative,negative,negative
Semnani,Semnani,Semnani,بَرعَکسی ژو مار کو عاقٍلَه بییَه، او اٍنگار دیوٍنَه‌یَه.,"baraksi zho mār ko āqela biya, ou engār divenaya.",negative,negative,negative
"Dari, Zoroastrian","Dari, Zoroastrian",Yazdi,,dāroshe  ,positive,positive,neutral
"Dari, Zoroastrian","Dari, Zoroastrian",Yazdi,,khers o ro vakhra traka,negative,negative,negative
"Dari, Zoroastrian","Dari, Zoroastrian",Yazdi,,vāshnama,negative,negative,negative
"Dari, Zoroastrian","Dari, Zoroastrian",Yazdi,,me chāyi nakhre,neutral,neutral,neutral
"Dari, Zoroastrian","Dari, Zoroastrian",Yazdi,,"kheyli khib bo, buch var junod, korbunod be.",positive,positive,postive
"Dari, Zoroastrian","Dari, Zoroastrian",Yazdi,,tow kovari barem za,positive,positive,positive
"Dari, Zoroastrian","Dari, Zoroastrian",Yazdi,,mo ji khzāsho koshta,negative,negative,negative
"Dari, Zoroastrian","Dari, Zoroastrian",Yazdi,,chechi dederese kārta,positive,positive,neutral
"Dari, Zoroastrian","Dari, Zoroastrian",Yazdi,,dotogun dāran shan,positive,positive,negative
"Dari, Zoroastrian","Dari, Zoroastrian",Yazdi,,dotogun dāshtan shoan,positive,neutral,neutral
"Dari, Zoroastrian","Dari, Zoroastrian",Yazdi,,ravānshenāsa kheyli khāsiat māle shakārtvun shnevāta o shakārtvun ro māle prār az feshāre delhora o tahamole dard o gham o ghosa zonan. ,positive,positive,positive
"Dari, Zoroastrian","Dari, Zoroastrian",Yazdi,,o morabāe khārtvun dāra.,positive,positive,positive
"Dari, Zoroastrian","Dari, Zoroastrian",Yazdi,,dar tule amrom mobsa chomoei omnkhārta,negative,positive,positive
"Dari, Zoroastrian","Dari, Zoroastrian",Yazdi,,at o ayālod chinan?,positive,positive,neutral
"Dari, Zoroastrian","Dari, Zoroastrian",Yazdi,,dashteto dard nakra māle pakhshe mo kelipe malekiye harsini,positive,positive,positive
"Dari, Zoroastrian","Dari, Zoroastrian",Yazdi,,ey dādo bidād māle erse sarāmun ge bi poshto panā manan. ,negative,negative,negative
"Dari, Zoroastrian","Dari, Zoroastrian",Yazdi,,beshtariyāshun avalin karan gevine,positive,negative,neutral
"Dari, Zoroastrian","Dari, Zoroastrian",Yazdi,,ey jun var shārmo,negative,positive,positive
"Dari, Zoroastrian","Dari, Zoroastrian",Yazdi,,dorude farāvun be yanune korde sarāsare donyā az karmunshā frānta tā kordestun,positive,positive,positive
"Dari, Zoroastrian","Dari, Zoroastrian",Yazdi,,hār vakh nun shederese ka vājshamoka. mā vachegun ji hma veche nāshim o chame rāe manim tā nun ri towa breshta vebu omnedāshta,positive,positive,positive
"Dari, Zoroastrian","Dari, Zoroastrian",Yazdi,,bārtvun o hārtvun,neutral,neutral,neutral
"Dari, Zoroastrian","Dari, Zoroastrian",Yazdi,,dād o bidād,neutral,negative,negative
"Dari, Zoroastrian","Dari, Zoroastrian",Yazdi,,khzānegadār,positive,positive,negative
"Dari, Zoroastrian","Dari, Zoroastrian",Yazdi,,agar amre khzā nabo pari az derakh naka,positive,positive,positive
"Dari, Zoroastrian","Dari, Zoroastrian",Yazdi,,age mo nakhorte nun ganom mnedize dashte mārdom,positive,neutral,neutral
"Dari, Zoroastrian","Dari, Zoroastrian",Yazdi,,o che chion tā dashe tu chame foru nakri lope vā nakre,positive,positive,negative
"Dari, Zoroastrian","Dari, Zoroastrian",Yazdi,,mage zang shu nakoshte,positive,negative,neutral
"Dari, Zoroastrian","Dari, Zoroastrian",Yazdi,,dād,negative,negative,negative
"Dari, Zoroastrian","Dari, Zoroastrian",Yazdi,,muna,negative,negative,negative
"Dari, Zoroastrian","Dari, Zoroastrian",Yazdi,,prār,negative,negative,negative
"Dari, Zoroastrian","Dari, Zoroastrian",Yazdi,,veā chekade khashon,positive,positive,positive
"Dari, Zoroastrian","Dari, Zoroastrian",Yazdi,,la'nat be sarod,negative,negative,negative
"Dari, Zoroastrian","Dari, Zoroastrian",Yazdi,,hakerhaye mā az ashki kamtar nahan,positive,positive,neutral
"Dari, Zoroastrian","Dari, Zoroastrian",Yazdi,,kheyli jāleba bo,positive,positive,positive
"Dari, Zoroastrian","Dari, Zoroastrian",Yazdi,,paghat chame rāe yaki az chmāshoye khashod bo,positive,positive,positive
"Dari, Zoroastrian","Dari, Zoroastrian",Yazdi,,mā cham be rāye tāzhatarin tash banobim,positive,positive,negative
"Dari, Zoroastrian","Dari, Zoroastrian",Yazdi,,yani sāt nashut,negative,negative,negative
"Dari, Zoroastrian","Dari, Zoroastrian",Yazdi,,agerche az datā kāregar sāteshta vali punza sāl tule kesha,positive,positive,positive
"Dari, Zoroastrian","Dari, Zoroastrian",Yazdi,,be cha merasa ge ādamoye be ji bano khoze havāpeimā be Logere shan,positive,positive,neutral
"Dari, Zoroastrian","Dari, Zoroastrian",Yazdi,,sātvune mo porudgāe rove shozvun be merikhon,positive,positive,positive
"Dari, Zoroastrian","Dari, Zoroastrian",Yazdi,,"drākhte miva kerm az khoshon.",negative,negative,negative
"Dari, Zoroastrian","Dari, Zoroastrian",Yazdi,,bare bā ge mudi tā toge bā mnediza.,positive,negative,negative
"Dari, Zoroastrian","Dari, Zoroastrian",Yazdi,,gap age tu shesha kre bare shu.,negative,negative,negative
"Dari, Zoroastrian","Dari, Zoroastrian",Yazdi,,gap tā tu dele khoda hokme khoda.,positive,positive,positive
"Dari, Zoroastrian","Dari, Zoroastrian",Yazdi,,del kho sopra nahon pishe hma pecho kre.,positive,negative,neutral
"Dari, Zoroastrian","Dari, Zoroastrian",Yazdi,,kherso shne āhengeri bāshta.,positive,negative,negative
"Dari, Zoroastrian","Dari, Zoroastrian",Yazdi,,age ow she tu yānae veka ge bekuze nahārza bikār be.,positive,negative,negative
"Dari, Zoroastrian","Dari, Zoroastrian",Yazdi,,kur age bāzār nashu bāzār gene prāna. ,positive,negative,negative
"Dari, Zoroastrian","Dari, Zoroastrian",Yazdi,,owde kize ākhera.,positive,negative,negative
"Dari, Zoroastrian","Dari, Zoroastrian",Yazdi,,chāken hemisha toge chāha.,positive,negative,negative
"Dari, Zoroastrian","Dari, Zoroastrian",Yazdi,,kimate chom nesbat be hajmosh kheyli kheyli gerunon o ziāti gerunon sāndeviche hayulāye zhāmbon kade vache ghul ji nabo aslosh ji mazash nadārt vali sāndeviche choritso āli o kheyli kheyli khash bo,negative,negative,negative
"Dari, Zoroastrian","Dari, Zoroastrian",Yazdi,,marhamat vekri o az aksāye interneti estefāde makrid o akse khoe mahsul ro onit ākhe mo koyā o o koyā mota'sefe,positive,negative,neutral
"Dari, Zoroastrian","Dari, Zoroastrian",Yazdi,,kheyli dāghune bzabo,negative,negative,negative
"Dari, Zoroastrian","Dari, Zoroastrian",Yazdi,,yāge keyke vānili kākāui keyke kākāui sāda shnefta bo,negative,negative,neutral
"Dari, Zoroastrian","Dari, Zoroastrian",Yazdi,,khoreshtosh maze ow shedā o navado panj darsade hajme gheymash lapa bo aslosh pishnahād nakre,negative,negative,negative
"Dari, Zoroastrian","Dari, Zoroastrian",Yazdi,,kheyli āli o be mowqa mamnunam,positive,positive,positive
"Dari, Zoroastrian","Dari, Zoroastrian",Yazdi,,hajme sāndevichosh aslan nesfa beza,negative,negative,negative
"Dari, Zoroastrian","Dari, Zoroastrian",Yazdi,,āli ... paghat yāge yaki changāl khāli bo,positive,positive,neutral
"Dari, Zoroastrian","Dari, Zoroastrian",Yazdi,,kheyli kheyli bimnak bo o buze tonde gush shadā,negative,negative,negative
"Dari, Zoroastrian","Dari, Zoroastrian",Yazdi,,aval moyege buze badish dārt dovom moyege behmachia kha bejoz rostbif juri ge ma she vire gushte ow paze tu diza va kheyli khis bo nune hoshk o badmazeish dārt lotfan tanāsobe māye‘āt ro re‘āyat okri ahtemālan ākharin karatian ke sefāresh az muyete ,negative,negative,negative
"Dari, Zoroastrian","Dari, Zoroastrian",Yazdi,,pa chera nāye,negative,negative,neutral
"Dari, Zoroastrian","Dari, Zoroastrian",Yazdi,,mā jie tāyim,positive,positive,positive
"Dari, Zoroastrian","Dari, Zoroastrian",Yazdi,,zibo,positive,negative,neutral
"Dari, Zoroastrian","Dari, Zoroastrian",Yazdi,,koyāyi azize dalom,positive,positive,neutral
"Dari, Zoroastrian","Dari, Zoroastrian",Yazdi,,bio beshim chom vakhrim. vāy na ya chome āshghāli mkharta delme gale hama,negative,negative,negative
"Dari, Zoroastrian","Dari, Zoroastrian",Yazdi,,mao to o Hasan,neutal,neutral,neutral
"Dari, Zoroastrian","Dari, Zoroastrian",Yazdi,,gulo bolbolo sonbol,positive,positive,positive
"Dari, Zoroastrian","Dari, Zoroastrian",Yazdi,,panj o chār o se,neutral,negative,neutral
"Dari, Zoroastrian","Dari, Zoroastrian",Yazdi,,ākhe cherā nāyi,negative,negative,negative
"Dari, Zoroastrian","Dari, Zoroastrian",Yazdi,,kemarom az beyn sho,negative,negative,negative
"Dari, Zoroastrian","Dari, Zoroastrian",Yazdi,,mo kāre ke mokade be pes pes kārtvun o kineham jomnāzvun nadāra,positive,negative,negative
"Dari, Zoroastrian","Dari, Zoroastrian",Yazdi,,"yakarebe mobsa bebo, khozod davokre",positive,negative,negative
"Dari, Zoroastrian","Dari, Zoroastrian",Yazdi,,okadi khib bo delpiche prānte,negative,negative,negative
"Dari, Zoroastrian","Dari, Zoroastrian",Yazdi,,māle chechi,negative,negative,neutral
"Dari, Zoroastrian","Dari, Zoroastrian",Yazdi,,bā ādame khatarnāki barekāpta,negative,negative,neutral
"Dari, Zoroastrian","Dari, Zoroastrian",Yazdi,,"khza dāna, Khadije",positive,negative,neutral
"Dari, Zoroastrian","Dari, Zoroastrian",Yazdi,,ya mokade ji shukh o shang bozvun o begu bekhand kārtvun khib nahon,negative,negative,negative
"Dari, Zoroastrian","Dari, Zoroastrian",Yazdi,,mage kshomide peya,neutral,negative,neutral
"Dari, Zoroastrian","Dari, Zoroastrian",Yazdi,,nune ganom shekame puladi shāvā,positive,negative,negative
"Dari, Zoroastrian","Dari, Zoroastrian",Yazdi,,mo ādame kheyli gadāon,negative,negative,negative
"Dari, Zoroastrian","Dari, Zoroastrian",Yazdi,,chaghuye tij māle vereye naron,positive,negative,negative
"Dari, Zoroastrian","Dari, Zoroastrian",Yazdi,,māle khod vakho māle mārdom var ko,positive,positive,neutral
"Dari, Zoroastrian","Dari, Zoroastrian",Yazdi,,sofre babāt tā sare kihon,positive,positive,positive
"Dari, Zoroastrian","Dari, Zoroastrian",Yazdi,,mi gole chekade jevunan,positive,positive,positive
"Dari, Zoroastrian","Dari, Zoroastrian",Yazdi,,Kse shmā,positive,positive,neutral
"Dari, Zoroastrian","Dari, Zoroastrian",Yazdi,,khzā kharshe diza o shākhosh nadāza,positive,negative,negative
"Dari, Zoroastrian","Dari, Zoroastrian",Yazdi,,teraf mārshe khoshta vali vache mārshe zande nāza,positive,negative,neutral
"Dari, Zoroastrian","Dari, Zoroastrian",Yazdi,,jangali oshtorshe diza,neutral,negative,neutral
"Dari, Zoroastrian","Dari, Zoroastrian",Yazdi,,chame viāsun kuron,neutral,negative,negative
"Dari, Zoroastrian","Dari, Zoroastrian",Yazdi,,gorbasha borāqe kārta,positive,negative,negative
"Dari, Zoroastrian","Dari, Zoroastrian",Yazdi,,pede sarod. viyākish nahen.,positive,positive,positive
"Dari, Zoroastrian","Dari, Zoroastrian",Yazdi,,puzosh chekade pechon. loposh rove poshte antaron.,negative,negative,negative
"Dari, Zoroastrian","Dari, Zoroastrian",Yazdi,,angār ge az poshte pile kāpta,negative,negative,negative
"Dari, Zoroastrian","Dari, Zoroastrian",Yazdi,,to ra be khza beparmāyi tu ksa.,positive,positive,negative
"Dari, Zoroastrian","Dari, Zoroastrian",Yazdi,,Abdo mokebo,negative,neutral,neutral
"Dari, Zoroastrian","Dari, Zoroastrian",Yazdi,,gholum khoze awre siā oma o dotog she qasre showe pariun ba,positive,positive,positive
"Dari, Zoroastrian","Dari, Zoroastrian",Yazdi,,mo vebe chekade khashon,positive,positive,neutral
"Dari, Zoroastrian","Dari, Zoroastrian",Yazdi,,māvā gerivuname teka kre,negative,negative,negative
"Dari, Zoroastrian","Dari, Zoroastrian",Yazdi,,gand vakhra tu kārod,negative,negative,negative
"Dari, Zoroastrian","Dari, Zoroastrian",Yazdi,,pechvārim memāsh ke āqel bo khosh mazani divunaon,negative,negative,negative
Persian,"Persian, Iranian",Isfahani,,,,,
Persian,"Persian, Iranian",Isfahani,,,,,
Persian,"Persian, Iranian",Isfahani,,,,,
Persian,"Persian, Iranian",Isfahani,,,,,
Persian,"Persian, Iranian",Isfahani,,,,,
Persian,"Persian, Iranian",Isfahani,,,,,
Persian,"Persian, Iranian",Isfahani,,,,,
Persian,"Persian, Iranian",Isfahani,,,,,
Persian,"Persian, Iranian",Isfahani,,,,,
Persian,"Persian, Iranian",Isfahani,,,,,
Persian,"Persian, Iranian",Isfahani,,,,,
Persian,"Persian, Iranian",Isfahani,,,,,
Persian,"Persian, Iranian",Isfahani,,,,,
Persian,"Persian, Iranian",Isfahani,,,,,
Persian,"Persian, Iranian",Isfahani,,,,,
Persian,"Persian, Iranian",Isfahani,,,,,
Persian,"Persian, Iranian",Isfahani,,,,,
Persian,"Persian, Iranian",Isfahani,,,,,
Persian,"Persian, Iranian",Isfahani,,,,,
Persian,"Persian, Iranian",Isfahani,,,,,
Persian,"Persian, Iranian",Isfahani,,,,,
Persian,"Persian, Iranian",Isfahani,,,,,
Persian,"Persian, Iranian",Isfahani,,,,,
Persian,"Persian, Iranian",Isfahani,,,,,
Persian,"Persian, Iranian",Isfahani,,,,,
Persian,"Persian, Iranian",Isfahani,,,,,
Persian,"Persian, Iranian",Isfahani,,,,,
Persian,"Persian, Iranian",Isfahani,,,,,
Persian,"Persian, Iranian",Isfahani,,,,,
Persian,"Persian, Iranian",Isfahani,,,,,
Persian,"Persian, Iranian",Isfahani,,,,,
Persian,"Persian, Iranian",Isfahani,,,,,
Persian,"Persian, Iranian",Isfahani,,,,,
Persian,"Persian, Iranian",Isfahani,,,,,
Persian,"Persian, Iranian",Isfahani,,,,,
Persian,"Persian, Iranian",Isfahani,,,,,
Persian,"Persian, Iranian",Isfahani,,,,,
Persian,"Persian, Iranian",Isfahani,,,,,
Persian,"Persian, Iranian",Isfahani,,,,,
Persian,"Persian, Iranian",Isfahani,,,,,
Persian,"Persian, Iranian",Isfahani,,,,,
Persian,"Persian, Iranian",Isfahani,,,,,
Persian,"Persian, Iranian",Isfahani,,,,,
Persian,"Persian, Iranian",Isfahani,,,,,
Persian,"Persian, Iranian",Isfahani,,,,,
Persian,"Persian, Iranian",Isfahani,,,,,
Persian,"Persian, Iranian",Isfahani,,,,,
Persian,"Persian, Iranian",Isfahani,,,,,
Persian,"Persian, Iranian",Isfahani,,,,,
Persian,"Persian, Iranian",Isfahani,,,,,
Persian,"Persian, Iranian",Isfahani,,,,,
Persian,"Persian, Iranian",Isfahani,,,,,
Persian,"Persian, Iranian",Isfahani,,,,,
Persian,"Persian, Iranian",Isfahani,,,,,
Persian,"Persian, Iranian",Isfahani,,,,,
Persian,"Persian, Iranian",Isfahani,,,,,
Persian,"Persian, Iranian",Isfahani,,,,,
Persian,"Persian, Iranian",Isfahani,,,,,
Persian,"Persian, Iranian",Isfahani,,,,,
Persian,"Persian, Iranian",Isfahani,,,,,
Persian,"Persian, Iranian",Isfahani,,,,,
Persian,"Persian, Iranian",Isfahani,,,,,
Persian,"Persian, Iranian",Isfahani,,,,,
Persian,"Persian, Iranian",Isfahani,,,,,
Persian,"Persian, Iranian",Isfahani,,,,,
Persian,"Persian, Iranian",Isfahani,,,,,
Persian,"Persian, Iranian",Isfahani,,,,,
Persian,"Persian, Iranian",Isfahani,,,,,
Persian,"Persian, Iranian",Isfahani,,,,,
Persian,"Persian, Iranian",Isfahani,,,,,
Persian,"Persian, Iranian",Isfahani,,,,,
Persian,"Persian, Iranian",Isfahani,,,,,
Persian,"Persian, Iranian",Isfahani,,,,,
Persian,"Persian, Iranian",Isfahani,,,,,
Persian,"Persian, Iranian",Isfahani,,,,,
Persian,"Persian, Iranian",Isfahani,,,,,
Persian,"Persian, Iranian",Isfahani,,,,,
Persian,"Persian, Iranian",Isfahani,,,,,
Persian,"Persian, Iranian",Isfahani,,,,,
Persian,"Persian, Iranian",Isfahani,,,,,
Persian,"Persian, Iranian",Isfahani,,,,,
Persian,"Persian, Iranian",Isfahani,,,,,
Persian,"Persian, Iranian",Isfahani,,,,,
Persian,"Persian, Iranian",Isfahani,,,,,
Persian,"Persian, Iranian",Isfahani,,,,,
Persian,"Persian, Iranian",Isfahani,,,,,
Persian,"Persian, Iranian",Isfahani,,,,,
Persian,"Persian, Iranian",Isfahani,,,,,
Persian,"Persian, Iranian",Isfahani,,,,,
Persian,"Persian, Iranian",Isfahani,,,,,
Persian,"Persian, Iranian",Isfahani,,,,,
Persian,"Persian, Iranian",Isfahani,,,,,
Persian,"Persian, Iranian",Isfahani,,,,,
Persian,"Persian, Iranian",Isfahani,,,,,
Persian,"Persian, Iranian",Isfahani,,,,,
Persian,"Persian, Iranian",Isfahani,,,,,
Persian,"Persian, Iranian",Isfahani,,,,,
Persian,"Persian, Iranian",Isfahani,,,,,
Persian,"Persian, Iranian",Isfahani,,,,,
Persian,"Persian, Iranian",Isfahani,برعکسی ننه‌ش که عاقل بود خودش انگار درا دیوونه‌س,baraksi nanesh ke āqel bud khodesh engār darā diyunes,negative,negative,negative
Persian,"Persian, Iranian",Shirazi,دارم می‌رم,Dāram miram,neutral,neutral,positive
Persian,"Persian, Iranian",Shirazi,خرس بخورتش می‌پوکه.,Khers bokhoratesh mipokeh.,negative,negative,positive
Persian,"Persian, Iranian",Shirazi,گشنمه,Goshname,negative,neutral,neutral
Persian,"Persian, Iranian",Shirazi,من چوی نَمخورم,Man choy namkhoram,neutral,positive,neutral
Persian,"Persian, Iranian",Shirazi,عالی بود؛ بوس به جونت، قربونت برم,"Āli bud; bus be junet, qorbunet beram",positive,positive,positive
Persian,"Persian, Iranian",Shirazi,امروز کُجُ دس و رومه شسّه بودم؟,Emruz kojo daso rume shosse budam?,positive,negative,negative
Persian,"Persian, Iranian",Shirazi,ایره خدا زده,Ire khodā zadeh,negative,neutral,negative
Persian,"Persian, Iranian",Shirazi,چی دُرُس کِردی؟,Chi doros kerdi?,neutral,positive,negative
Persian,"Persian, Iranian",Shirazi,دخترا دارن می‌رن,Dokhtarā dāran miran,neutral,positive,neutral
Persian,"Persian, Iranian",Shirazi,دخترا دُشتن می‌رفتن,Dokhtarā doshtan miraftan,neutral,positive,neutral
Persian,"Persian, Iranian",Shirazi,روانشناسا خواص زیادی بری گریه کِردن در اُوردن و گریه کِردنِه بری رها شدن از فشار استرس و تحمل درد و غم و غصه می‌دونن.,Ravānshenāsā khavāse ziādi barey geryeh kerdan dar ovordan va geryeh kerdane barey rahā shodan az feshāre esteres va tahammole dardo ghamo ghose midunan.,neutral,positive,positive
Persian,"Persian, Iranian",Shirazi,او مربُو خوردن داره,U morabow khordan dāreh,positive,positive,positive
Persian,"Persian, Iranian",Shirazi,تو کل عمرُم همچی غذاهوی نخوردم,Tu kolle omrom hamchi ghazāhoy nakhordam,neutral,neutral,positive
Persian,"Persian, Iranian",Shirazi,خانوم بچّا چیطورن؟,Khanum bachchā chitoran?,neutral,neutral,positive
Persian,"Persian, Iranian",Shirazi,دسِّتون درد نکنه بری پخش ای کیلیپ دربارِی گیوِی هرسینی,Dassetun dard nakoneh barey pakhshe i kilip darbārey givey harsini,positive,negative,positive
Persian,"Persian, Iranian",Shirazi,ای داد و بیداد بری میراث پدرامون که بی پشت و پنا مُندن,Ey dādo bidād barey mirāse pedarāmun ke bi poshto pana mondan,negative,neutral,negative
Persian,"Persian, Iranian",Shirazi,بیشترشونو اولین باره می‌بینم,Bishtareshuno avalin bāre mibinam,neutral,positive,neutral
Persian,"Persian, Iranian",Shirazi,ای جونم بری شهرمون,Ey junom barey shahremun,positive,positive,positive
Persian,"Persian, Iranian",Shirazi,درود فراوون به زنوی کورد سر تا سر دنیا از کرمونشا گرفته تا کردستان,Dorude farāvun be zanoy korde sar tā sare donyā az kermunshā gerefteh ta kordestān,positive,positive,positive
Persian,"Persian, Iranian",Shirazi,هر وقت نون دُرُس می‌کِرد صدامون می‌زد. ما بچّا هم همگی به‌صف کنارش می‌شنسّیم و چشم به را می‌مُندیم تا نون روی توه برشته می‌شد و می‌داد دسّمون.,Har vaght nun doros mikerd sedāmun mizad. Mā bachchā ham hamegi be saf kenāresh mishnessimo cheshm be rā mimondim tā nun ruye towe bereshte mishodo midād dassemun.,neutral,positive,positive
Persian,"Persian, Iranian",Shirazi,بردن و اُوُردن,Bordano ovordan,neutral,neutral,neutral
Persian,"Persian, Iranian",Shirazi,داد و بیداد,Dādo bidād,neutral,neutral,negative
Persian,"Persian, Iranian",Shirazi,خدا نگَدار,Khodā negadār,neutral,negative,positive
Persian,"Persian, Iranian",Shirazi,اَی امر حضرت حق نباشه، برگ از درخت نَمیوفته.,"Ay amre hazrate haq nabāshe, barg az derakht namiofteh.",neutral,negative,positive
Persian,"Persian, Iranian",Shirazi,اَی نخوردیم نونِ گندم، ولی دیدیم دسِّ مردم.,"Ay nakhordim nune gandom, vali didim dasse mardom.",negative,negative,positive
Persian,"Persian, Iranian",Shirazi,او چیچیه که تا دس تو چیشش نکنی، چیلشه باز نَمی‌کنه؟,"U chichieh keh tā das to chishesh nakoni, chileshe bāz namikoneh?",neutral,negative,positive
Persian,"Persian, Iranian",Shirazi,مِی بهت زنگ نزدن؟,Mey behet zang nazadan?,neutral,neutral,negative
Persian,"Persian, Iranian",Shirazi,جار,Jār,neutral,neutral,neutral
Persian,"Persian, Iranian",Shirazi,خسّه,Khasse,neutral,neutral,negative
Persian,"Persian, Iranian",Shirazi,فرار,Farār,neutral,neutral,negative
Persian,"Persian, Iranian",Shirazi,بوگو چقد حال می‌ده,Bugu cheqad hāl mideh,positive,positive,positive
Persian,"Persian, Iranian",Shirazi,لعنت به پدرت,La‘nat be pedaret,negative,negative,negative
Persian,"Persian, Iranian",Shirazi,هکروی ما از هکروی دیگه چیزی کم ندارن,Hakeroy mā az hakeroy digeh chizi kam nadāran,positive,positive,positive
Persian,"Persian, Iranian",Shirazi,خیلی جالب می‌شه,Kheili jāleb misheh,positive,neutral,positive
Persian,"Persian, Iranian",Shirazi,فقط وُیسو برِی یکی از بازیوی باحالت,Faghat voyso barey yeki az bāzioy bāhālet,positive,positive,positive
Persian,"Persian, Iranian",Shirazi,ما برِی تازه‌ترین آتیش منتظر می‌مونیم,Ma barey tāzetarin ātish montazer mimunim,neutral,positive,positive
Persian,"Persian, Iranian",Shirazi,یَنی ساخته نمی‌شه,Yani sākhteh namisheh,neutral,neutral,neutral
Persian,"Persian, Iranian",Shirazi,با ایکه دَ تو کارگر داره،‌ پونزَ سال طول می‌کشه,"Bā ike da to kārgar dāreh, punza sāl tul mikeshe",negative,negative,negative
Persian,"Persian, Iranian",Shirazi,مِثکه کسوی دیگِیِم با هواپیما به لوگر می‌رن,Meske kasoy degeiam bā hāvāpeyma be logar miran,neutral,negative,neutral
Persian,"Persian, Iranian",Shirazi,ساختن ای فورودگوَم عین رفتن به ماهه,Sākhtane i furudgowam eine raftan be māhe,negative,negative,positive
Persian,"Persian, Iranian",Shirazi,درخت میوه کرم از خودشه,Derakhte mive kerm az khodeshe,negative,negative,negative
Persian,"Persian, Iranian",Shirazi,بیرون باغُ که دیدیم، انگو تا تَهِ باغُ دیدیم.,"Birune bāgho ke didim, engo tā tahe bāgho didim.",negative,positive,negative
Persian,"Persian, Iranian",Shirazi,حرفه اَی داخل شیشه کنی به بیرون درز می‌کنه.,Harfe ay dākhele shisheh koni be birun darz mikoneh.,negative,negative,neutral
Persian,"Persian, Iranian",Shirazi,حرف تا وقتی تو دلته اختیارش دسِّته.,Harf tā vaqti tu delete ekhtiāresh dassete.,neutral,positive,positive
Persian,"Persian, Iranian",Shirazi,دل که سفره نیس که پیش همه پهنش کنی.,Del ke sofreh nis ke pishe hameh pahnesh koni.,negative,positive,neutral
Persian,"Persian, Iranian",Shirazi,خرسو به آهنگری بسَّن.,Kherso be āhangari bassan.,neutral,negative,negative
Persian,"Persian, Iranian",Shirazi,ای آبُ تو هوَنگ کنه که بوکوبی، نَمی‌ذاره بیکار باشی.,"Ay ābo tu howang koneh ke bukubi, namizāreh bikār bāshi.",negative,positive,positive
Persian,"Persian, Iranian",Shirazi,کور اَی بازار نره بازار می‌گنده.,Kur ay bāzār nareh bāzār migandeh.,neutral,negative,neutral
Persian,"Persian, Iranian",Shirazi,آیت کارت آخره.,Āyat kāret akhere.,neutral,negative,positive
Persian,"Persian, Iranian",Shirazi,چاکَن همیشه تَ چاهه.,Chākan hamisheh ta chāhe.,negative,negative,positive
Persian,"Persian, Iranian",Shirazi,قیمت غذا نسبت به حجم غذا خیلی خیلی گرون و غیرمنصفانه‌ن. ساندویچ هیولُی ژامبون در حد یِی بچه غولی هم نبود و اصلاً هم خوشمزه نبود اما ساندویچ چوریتسو عالی و بسیار بسیار خوشمزه بود.,Qeymate ghazā nesbat be hajme ghazā kheili geruno gheyremonsefānan. Sāndeviche hayuloy zhāmbon dar hadde yey bachcheh ghuli ham nabud va aslan ham khoshmazeh nabud ammā sandeviche choritso ālio besyār besyār khoshmazeh bud.,negative,neutral,negative
Persian,"Persian, Iranian",Shirazi,لطف کنید از عکسوی اینترنتی استفاده نکنید و عکس خود محصولتونه بذارین. آخه ای کجو و او کجو. متأسفم.,Lotf konid az aksoy interneti estefādeh nakonid va akse khode mahsuletune bezārin. Ākhe i kojo o u kojo. Mote’asefam.,negative,negative,positive
Persian,"Persian, Iranian",Shirazi,بدجور آسیب دیده بود (طبق عکس آپلودشده),Badjur āsib dideh bud (tebqe akse āplowdshodeh),negative,neutral,negative
Persian,"Persian, Iranian",Shirazi,جوی کیک وانیلی کاکائویی، کیک کاکايویی ساده ارسال شده بود.,"Joy keyke vanili kākā’ui, keyke kākā’uie sādeh ersal shodeh bud.",negative,negative,negative
Persian,"Persian, Iranian",Shirazi,خورشش مزِّی آب می‌داد و نود و پنج درصد حجم قیمه‌ش لپّه بود. اصلا پیشناهاد نَمی‌کنم.,Khoreshesh mazzey āb midād va navado panj darsade hajme qeymash lappe bud. Aslan pishnāhād namikonam.,negative,negative,negative
Persian,"Persian, Iranian",Shirazi,خیلی عالی و به‌موقع. ممنون از شُمو.,Kheili ālio bemoqe‘. Mamnun az shomo.,positive,positive,positive
Persian,"Persian, Iranian",Shirazi,حجم ساندویچش کلاً نصف شده!,Hajme sāndevichesh kollan nesf shodeh!,negative,negative,negative
Persian,"Persian, Iranian",Shirazi,عالی. فقط جوی یِی چنگالی خالی بود.,Āli. Faghat joy yey changāli khāali bud.,positive,positive,positive
Persian,"Persian, Iranian",Shirazi,فوق‌العاده بی‌نمک بود و بوی تند گوشت می‌داد.,Fogholādeh binamak bud va buye tonde gusht midād.,negative,negative,negative
Persian,"Persian, Iranian",Shirazi,اول ایکه بوی بدی دُشت دوم ایکه به همه چی می‌خورد به جز رست بیف جوری که منو یاد گوشت آبپز داخل آبگوشت انداخت خیلی خیس بود نون خشک و بدمزه‌ای دُشت لطفاً تناسب مایعاته رعایت کنین احتمالاً آخرین باره که از اینجو سفارش می‌دم.,Aval ike buye badi dosht dovom ike be hame chi mikhord be joz rost bif juri ke mano yāde gushte ābpaz dākhele ābgusht endākht kheili khis bud nune khoshko badmazei dosht lotfan tanāsobe māye‘āte ra‘āyat konin ehtemālan ākherin bāre ke az injo sefāresh midam.,negative,negative,negative
Persian,"Persian, Iranian",Shirazi,پس چرو نَمیوی؟,Pas chero namyoy?,negative,neutral,negative
Persian,"Persian, Iranian",Shirazi,ما عَم میویم.,Ma am mioym.,neutral,neutral,positive
Persian,"Persian, Iranian",Shirazi,زودی باش / دس بجمبون,Zudi bāsh / Das bojombun,neutral,positive,positive
Persian,"Persian, Iranian",Shirazi,پس کُجُی عزیزُم؟,Pas kojoy azizom,neutral,neutral,positive
Persian,"Persian, Iranian",Shirazi,بیو بیریم ناهار بخوریم. وُی نه، یِی چی آشغالی خوردم، دلُم ریخته به هم.,"Bio birim nāhār bokhorim. Voy na, yey chi āshghāli khordam, delom rikhteh be ham.",negative,negative,negative
Persian,"Persian, Iranian",Shirazi,من و تو و حسن,Mano towo hasan,neutral,neutral,neutral
Persian,"Persian, Iranian",Shirazi,گل و بلبل و سمبل,Golo bolbolo sombol,neutral,neutral,positive
Persian,"Persian, Iranian",Shirazi,پنج و چار و سه,Panjo chāro seh,neutral,neutral,neutral
Persian,"Persian, Iranian",Shirazi,خو پَ چرو نمیوی؟,Kho pa chero namioy?,negative,negative,positive
Persian,"Persian, Iranian",Shirazi,کَمَرُم پُکید.,Kamarom pokid.,negative,negative,negative
Persian,"Persian, Iranian",Shirazi,ای کارو که اقد اُسُم اُسُم کردن نداره که,I kāru ke eqad osom osom kerdan nadāreh keh,negative,negative,negative
Persian,"Persian, Iranian",Shirazi,یه بار دیگه ایجوری بشه می‌خوابم تو خرش,Ye bār dige ijuri besheh mikhābam tu kheresh,negative,negative,negative
Persian,"Persian, Iranian",Shirazi,از به خوب بود کم‌پیچ گرفتم.,Az beh khub bud kompich gereftam,negative,negative,negative
Persian,"Persian, Iranian",Shirazi,واسهٔ چی ؟,Vāsey chi?,neutral,neutral,neutral
Persian,"Persian, Iranian",Shirazi,ای خودشو با شاخ گاو درانداخته.,I khodesho bā shākhe gāv darendākhteh.,negative,negative,negative
Persian,"Persian, Iranian",Shirazi,خدا دونه خجیجه,Khodā dune khadijeh,neutral,neutral,negative
Persian,"Persian, Iranian",Shirazi,حالو اقدم بشکن بالو بنداز خوب نی,Hālo eqadam beshkano bālo bendāz khub ni,negative,negative,negative
Persian,"Persian, Iranian",Shirazi,می دمبالت گذشتن؟,Mey dombālet gozoshtan?,neutral,neutral,negative
Persian,"Persian, Iranian",Shirazi,نون گندم، کم فولادی می‌خواد.,"Nune gandom, kome fulādi mikhād.",neutral,negative,neutral
Persian,"Persian, Iranian",Shirazi,ایا نَم تُک پس نمی‌ده,Iyā nam tok pas namideh,neutral,negative,positive
Persian,"Persian, Iranian",Shirazi,چاقوی تیز برِی برِیِ نر اومده.,Chāquye tiz barey baareye nar umadeh.,neutral,positive,positive
Persian,"Persian, Iranian",Shirazi,برِی خودت بخور، برِی مردم بوپوش.,"Barey khodet bokhor, barey mardom bupush.",neutral,positive,positive
Persian,"Persian, Iranian",Shirazi,سُفرِی بابوی شُمو سر کوچه‌ن.,Sofrey bāboy shomo sar kuchan.,negative,negative,negative
Persian,"Persian, Iranian",Shirazi,ای شوکوفه‌ها چه قشنگن.,I shukufeha che qashangan.,positive,neutral,positive
Persian,"Persian, Iranian",Shirazi,خونِی شومو.,Khuney shomo.,neutral,neutral,neutral
Persian,"Persian, Iranian",Shirazi,خدا خره دید بهش شاخ نداد,Khodā khare did behesh shākh nadād,negative,negative,negative
Persian,"Persian, Iranian",Shirazi,طرف ماره کشته، بچِی ماره زنده گُذُشته.,"Taraf māre koshteh, bachey māre zendeh gozoshteh.",negative,negative,negative
Persian,"Persian, Iranian",Shirazi,جنگلی شتر دیده.,Jangali shotor dideh.,neutral,neutral,neutral
Persian,"Persian, Iranian",Shirazi,چشم زمسّون کوره.,Cheshme zemessun kure.,neutral,negative,neutral
Persian,"Persian, Iranian",Shirazi,گربُو ره بُراق کِرده.,Gorbow re borāq kerdeh.,neutral,negative,neutral
Persian,"Persian, Iranian",Shirazi,فدوی سرت. عیبی نداره.,Fadoy saret. Eybi nadāreh.,positive,positive,positive
Persian,"Persian, Iranian",Shirazi,دماغش چقد پَنه. لباش شبی پشت میمونه.,Damāghesh cheqad paane. Labāsh shabi poshte meymune.,negative,negative,negative
Persian,"Persian, Iranian",Shirazi,انگُ اوره خانُم زُیده ما رِ کنیز.,Engo ure khānom zoydeh māa re kaniz.,negative,negative,negative
Persian,"Persian, Iranian",Shirazi,تور خدا بفرمو تو خونه.,Tor khodā befarmo tu khuneh.,positive,positive,positive
Persian,"Persian, Iranian",Shirazi,عبده ای کی بود؟,Abdeh i ki bud?,neutral,negative,neutral
Persian,"Persian, Iranian",Shirazi,غلام با ابر سیا اومد و دختره به قصر شاه پریون برد.,Gholām bā abre siā umado dokhtare be qasre shāhe pariun bord.,neutral,negative,positive
Persian,"Persian, Iranian",Shirazi,ای وبو چقد قشنگه.,I viu cheqad qashange.,positive,positive,positive
Persian,"Persian, Iranian",Shirazi,می‌خواما یخه‌مه پاره کنم,Mikhāmā yakhame pāreh konam,negative,negative,negative
Persian,"Persian, Iranian",Shirazi,گند بخوره به کارت.,Gand bokhoreh be kāret.,negative,negative,negative
Persian,"Persian, Iranian",Shirazi,برعکس مادرش که عاقل بود خودش انگو دیونن.,Barakse mādaresh ke āqel bud khodesh engo diunan.,negative,negative,negative
Pashto,Pashto,Pakistani,زه ځم۔,,neutral,neutral,neutral
Pashto,Pashto,Pakistani,ریچھ دا خوري، دا چویږي۔ (د دې ویښتان غورځیږي۔),,negative,negative,neutral
Pashto,Pashto,Pakistani,زه لوږه یم۔,,negative,neutral,neutral
Pashto,Pashto,Pakistani,زه چای نه څښم۔,,neutral,neutral,neutral
Pashto,Pashto,Pakistani,دا ډېر ښکلی و؛ ستا په روح باندې یو ښکل، ایا زه ستا شم؟,,positive,positive,positive
Pashto,Pashto,Pakistani,لمر له کومه لوري راوتلی دی؟,,neutral,neutral,neutral
Pashto,Pashto,Pakistani,خدای پرې وهلی دی۔,,negative,negative,neutral
Pashto,Pashto,Pakistani,تا څه وکړل؟,,neutral,neutral,neutral
Pashto,Pashto,Pakistani,نجونې ځي۔,,neutral,neutral,neutral
Pashto,Pashto,Pakistani,نجونې تللې۔,,neutral,neutral,neutral
Pashto,Pashto,Pakistani,ارواپوهانو د ژړا ډېر ځانګړتیاوې پیژندلي دي او دا د فشار لرې کولو، درد زغملو او د خپګان او غمونو سره مخ کیدو یوه لاره ګڼي۔,,negative,neutral,negative
Pashto,Pashto,Pakistani,هغه جام د خوړلو وړ دی۔,,positive,positive,neutral
Pashto,Pashto,Pakistani,ما په خپل ژوند کې هیڅکله دا ډول خواړه نه دي خوړلي۔,,neutral,neutral,neutral
Pashto,Pashto,Pakistani,کورنۍ څنګه ده؟,,neutral,neutral,neutral
Pashto,Pashto,Pakistani,مننه چې د حریسني غیوا په اړه دا کلیپ شریک کړې۔,,positive,positive,positive
Pashto,Pashto,Pakistani,اې د نیکونو میراث لپاره چیغې چې بې ملاتړ پرېښودل شوی دی۔,,negative,negative,negative
Pashto,Pashto,Pakistani,دا لومړی ځل دی چې زه یې ډېری ګورم۔,,neutral,neutral,neutral
Pashto,Pashto,Pakistani,اې ګرانه، زموږ د ښار لپاره۔,,neutral,neutral,positive
Pashto,Pashto,Pakistani,له کرمانشاه نه تر کردستانه پورې د نړۍ ټولو کردو مېرمنو ته ګرم سلامونه۔,,positive,neutral,positive
Pashto,Pashto,Pakistani,کله چې به یې ډوډۍ جوړوله، موږ به یې راوبلل. موږ ماشومان به یې په لیکه کې ناست وو او سترګې به مو په ډوډۍ وې تر څو چې توے ته یې نه وه اچولې او موږ ته یې نه وه ورکړې۔,,positive,neutral,neutral
Pashto,Pashto,Pakistani,اړول او راوړل,,neutral,neutral,neutral
Pashto,Pashto,Pakistani,چیغې وهل,,negative,neutral,neutral
Pashto,Pashto,Pakistani,خدای په امان,,neutral,positive,neutral
Pashto,Pashto,Pakistani,که د خدای مرضي نه وي نو د ونې نه یوه پاڼه هم نه غورځیږي۔,,neutral,negative,neutral
Pashto,Pashto,Pakistani,که موږ د غنمو ډوډۍ نه وه خوړلې نو ما د خلکو په لاسونو کې ډوډۍ ولیده۔,,neutral,negative,neutral
Pashto,Pashto,Pakistani,دا څه شی دی چې تر څو چې په سترګه کې لاس مه اچوې خوله نه خلاصوي؟,,negative,positive,positive
Pashto,Pashto,Pakistani,تا ته یې نه و بللي؟,,neutral,neutral,neutral
Pashto,Pashto,Pakistani,چیغه,,neutral,neutral,neutral
Pashto,Pashto,Pakistani,ستړی,,negative,positive,negative
Pashto,Pashto,Pakistani,تښتیدل,,negative,negative,positive
Pashto,Pashto,Pakistani,ما ته ووایه چې څومره به مزې کیږي,,positive,negative,positive
Pashto,Pashto,Pakistani,ستا پلار ته لعنت,,negative,negative,negative
Pashto,Pashto,Pakistani,زموږ هیکرز له چا کم نه دي,,positive,neutral,negative
Pashto,Pashto,Pakistani,دا به ډېر په زړه پورې وي,,positive,negative,positive
Pashto,Pashto,Pakistani,یوازې د خپل خوږ لوبې انتظار وکړه,,positive,positive,positive
Pashto,Pashto,Pakistani,موږ به د تازه اور انتظار کوو,,positive,positive,neutral
Pashto,Pashto,Pakistani,یعني دا به نه جوړیږي,,negative,negative,neutral
Pashto,Pashto,Pakistani,که څه هم دا د لسو کارګرانو نه جوړیږي بیا هم ۱۵ کاله لګیږي,,negative,positive,neutral
Pashto,Pashto,Pakistani,دا سی ښکاري چې نور خلك به هم په لوگر جهاز کې ځي,,neutral,neutral,neutral
Pashto,Pashto,Pakistani,دا دې ایئرپورټ جوړول د مریخ ته تلل په شان لګي,,negative,positive,negative
Pashto,Pashto,Pakistani,د کیڑې د میوې ونه له ځانه راځي۔,,neutral,neutral,neutral
Pashto,Pashto,Pakistani,کله چې مو باغ نه بهر وګورو، مو ترا د باغ کنارې مېږي۔,,neutral,negative,neutral
Pashto,Pashto,Pakistani,که تاسو دا لفظ په یوه لوښي کې واچوئ، نو دا به لېک شي۔,,neutral,positive,neutral
Pashto,Pashto,Pakistani,هغه خط چې تاسو يې په زړه کې لرئ، ستاسو په کنټرول کې دی۔,,neutral,positive,positive
Pashto,Pashto,Pakistani,زړه میز نه دی چې د هر چا مخې ته یې خپور کړې,,neutral,negative,neutral
Pashto,Pashto,Pakistani,ریچھ لوہار سره بند شوی دی۔,,neutral,positive,neutral
Pashto,Pashto,Pakistani,که پانی پیسول په کړل کې پکار وي نو بې کاره نه پرېږدي,,neutral,neutral,negative
Pashto,Pashto,Pakistani,که ړوند بازار ته لاړ نه شي نو بازار سړېږي,,neutral,negative,negative
Pashto,Pashto,Pakistani,تم ختم یې / ستا کار تمام شو,,negative,positive,neutral
Pashto,Pashto,Pakistani,کیندونکی تل د کندې په تل کې وي,,negative,positive,neutral
Pashto,Pashto,Pakistani,د خوړو بیه ډېره ګرانه او ناعادلانه ده په مقابل کې د مقدار,,negative,positive,negative
Pashto,Pashto,Pakistani,براہ مہربانی انٹرنیٹ عکسونه مه کاروئ او خپل اصلي شی عکس اپ لوڈ کړئ...,,negative,positive,positive
Pashto,Pashto,Pakistani,سخت زخمي شوی و (اپ لوڈ شوي عکس له مخې),,negative,negative,negative
Pashto,Pashto,Pakistani,د وینیلا کوکو کیک پر ځای ساده کوکو کیک لیږل شوی و,,negative,positive,neutral
Pashto,Pashto,Pakistani,سالن اوبه اوبه و او ۹۵٪ د غوښې حجم دال وه...,,negative,negative,negative
Pashto,Pashto,Pakistani,ډېر ښه او په وخت، مننه,,positive,positive,positive
Pashto,Pashto,Pakistani,د هغه سینڈوچ اندازه پوره نیمایي شوې ده,,negative,negative,neutral
Pashto,Pashto,Pakistani,ښه و.. یوازې د کانټې لپاره یوه خالي ځای و,,positive,neutral,positive
Pashto,Pashto,Pakistani,دا ډېر بې خونده و او د غوښې ډېر زیات بوين و۔,,negative,positive,negative
Pashto,Pashto,Pakistani,لومړی بد بو و، دویم یې هر څه لمس کړل پرته له...,,negative,negative,negative
Pashto,Pashto,Pakistani,نو ولې نه راځې؟,,neutral,positive,neutral
Pashto,Pashto,Pakistani,موږ هم راځو۔,,neutral,negative,neutral
Pashto,Pashto,Pakistani,جلدی کوه,,neutral,positive,neutral
Pashto,Pashto,Pakistani,نو ته چېرته یې ګرانه؟,,neutral,negative,positive
Pashto,Pashto,Pakistani,راځه چې ډوډۍ وخورو. اوه نه، ما یو څه خراب وخوړل، زما معده خرابه ده,,negative,neutral,negative
Pashto,Pashto,Pakistani,زه، ته او حسن۔,,neutral,positive,neutral
Pashto,Pashto,Pakistani,ګل، بلبل او لاله,,positive,negative,neutral
Pashto,Pashto,Pakistani,5+4+3,,neutral,positive,neutral
Pashto,Pashto,Pakistani,بیا ولې نه راځې؟,,neutral,positive,neutral
Pashto,Pashto,Pakistani,زما شا درد کوي,,negative,negative,negative
Pashto,Pashto,Pakistani,دا کار دومره هچکچا او ځنډ ته اړتیا نه لري,,neutral,neutral,negative
Pashto,Pashto,Pakistani,که دا بیا وشي نو زه به له هغه سره شخړه کړم,,negative,positive,negative
Pashto,Pashto,Pakistani,دومره ښه و چې معده مې درد شوه,,positive,negative,positive
Pashto,Pashto,Pakistani,د څه لپاره؟,,neutral,positive,neutral
Pashto,Pashto,Pakistani,له یوه خطرناک کس سره ښکېل شو,,negative,positive,negative
Pashto,Pashto,Pakistani,خداى پوهیږي، خدیجه۔,,neutral,neutral,positive
Pashto,Pashto,Pakistani,اوس دومره شرارت او ټوکې ښه نه دي,,negative,positive,positive
Pashto,Pashto,Pakistani,څوک ستا پسې ګرځي؟,,negative,negative,neutral
Pashto,Pashto,Pakistani,د غنمو ډوډۍ هضم لپاره د فولادو معده پکار ده,,neutral,positive,neutral
Pashto,Pashto,Pakistani,دا کس ډېر شوم دی,,negative,negative,negative
Pashto,Pashto,Pakistani,د نر پسه لپاره تېز چاقو راغلی دی,,negative,positive,negative
Pashto,Pashto,Pakistani,دا ځان لپاره اوخړه او د نورو لپاره وچوه۔,,neutral,negative,neutral
Pashto,Pashto,Pakistani,ستا د پلار دسترخوان د کوڅې په ګوټ کې دی,,neutral,positive,neutral
Pashto,Pashto,Pakistani,دا ګلان ډېر ښکلي دي,,positive,neutral,positive
Pashto,Pashto,Pakistani,ستاسو کور,,neutral,positive,neutral
Pashto,Pashto,Pakistani,خداى هغه خره لیدلې چې سینګ نه ورکول شوي,,neutral,negative,positive
Pashto,Pashto,Pakistani,مانګور مار شو خو مانګور بچې ژوندی پرېښودل شو۔,,negative,positive,neutral
Pashto,Pashto,Pakistani,وحشي اوښ لیدل شوی,,neutral,neutral,neutral
Pashto,Pashto,Pakistani,ژمي سترګې پټې وي۔,,neutral,negative,negative
Pashto,Pashto,Pakistani,پیشو برش شوې ده,,neutral,positive,neutral
Pashto,Pashto,Pakistani,ته ارزښت لرې. ښه دی۔,,positive,negative,positive
Pashto,Pashto,Pakistani,د هغه دماغ څومره پراخ دی. د هغه شونډې د خر د شا په څیر دي,,negative,positive,negative
Pashto,Pashto,Pakistani,دا سی لګي چې هغه هاتۍ نه پرېوتلی دی۔,,negative,positive,positive
Pashto,Pashto,Pakistani,مهرباني وکړه، کور ته راشه,,neutral,negative,positive
Pashto,Pashto,Pakistani,دا عبدو څوک و؟,,neutral,positive,neutral
Pashto,Pashto,Pakistani,غلام د تورې ورېځې سره راغی او جینۍ یې د پریو محل ته بوتله۔,,neutral,positive,neutral
Pashto,Pashto,Pakistani,دا ویب ډېر ښکلی دی,,positive,negative,positive
Pashto,Pashto,Pakistani,زه غواړم خپل ګریبان وشلوم (د ناامیدۍ/غصې له امله),,negative,neutral,negative
Pashto,Pashto,Pakistani,ستا کار برباد شي,,negative,positive,negative
Pashto,Pashto,Pakistani,د مور په مقابل کې چې عاقل وه، دا بیوقوفه ښکاري,,negative,positive,negative
